-- phpMyAdmin SQL Dump
-- version 5.0.4
-- https://www.phpmyadmin.net/
--
-- Host: localhost:3308
-- Generation Time: Sep 03, 2021 at 12:14 PM
-- Server version: 8.0.26
-- PHP Version: 7.4.22

SET SQL_MODE = "NO_AUTO_VALUE_ON_ZERO";
START TRANSACTION;
SET time_zone = "+00:00";


/*!40101 SET @OLD_CHARACTER_SET_CLIENT=@@CHARACTER_SET_CLIENT */;
/*!40101 SET @OLD_CHARACTER_SET_RESULTS=@@CHARACTER_SET_RESULTS */;
/*!40101 SET @OLD_COLLATION_CONNECTION=@@COLLATION_CONNECTION */;
/*!40101 SET NAMES utf8mb4 */;

--
-- Database: `laravel_images`
--

-- --------------------------------------------------------

--
-- Table structure for table `admin_settings`
--

CREATE TABLE `admin_settings` (
  `id` int UNSIGNED NOT NULL,
  `title` varchar(255) NOT NULL,
  `description` text NOT NULL,
  `welcome_text` varchar(200) NOT NULL,
  `welcome_subtitle` text NOT NULL,
  `keywords` varchar(255) NOT NULL,
  `result_request` int UNSIGNED NOT NULL COMMENT 'The max number of images per request',
  `limit_upload_user` int UNSIGNED NOT NULL,
  `status_page` enum('0','1') NOT NULL DEFAULT '1' COMMENT '0 Offline, 1 Online',
  `message_length` int UNSIGNED NOT NULL,
  `comment_length` int UNSIGNED NOT NULL,
  `registration_active` enum('0','1') NOT NULL DEFAULT '1' COMMENT '0 No, 1 Yes',
  `email_verification` enum('0','1') NOT NULL COMMENT '0 Off, 1 On',
  `email_no_reply` varchar(200) NOT NULL,
  `email_admin` varchar(200) NOT NULL,
  `captcha` enum('on','off') NOT NULL DEFAULT 'on',
  `file_size_allowed` int UNSIGNED NOT NULL COMMENT 'Size in Bytes',
  `facebook_login` enum('on','off') NOT NULL DEFAULT 'off',
  `google_analytics` text NOT NULL,
  `invitations_by_email` enum('on','off') NOT NULL DEFAULT 'on',
  `twitter` varchar(200) NOT NULL,
  `facebook` varchar(200) NOT NULL,
  `googleplus` varchar(200) NOT NULL,
  `linkedin` varchar(200) NOT NULL,
  `instagram` varchar(200) NOT NULL,
  `google_adsense` text NOT NULL,
  `auto_approve_images` enum('on','off') NOT NULL DEFAULT 'off',
  `tags_limit` int UNSIGNED NOT NULL,
  `downloads` enum('all','users') NOT NULL DEFAULT 'all',
  `google_ads_index` enum('on','off') NOT NULL DEFAULT 'off',
  `description_length` int UNSIGNED NOT NULL,
  `min_width_height_image` varchar(25) NOT NULL,
  `google_adsense_index` text NOT NULL,
  `link_privacy` varchar(200) NOT NULL,
  `link_terms` varchar(200) NOT NULL,
  `twitter_login` enum('on','off') NOT NULL DEFAULT 'off',
  `paypal_sandbox` enum('true','false') NOT NULL DEFAULT 'true',
  `paypal_account` varchar(200) NOT NULL,
  `fee_commission` int UNSIGNED NOT NULL,
  `stripe_secret_key` varchar(200) NOT NULL,
  `stripe_public_key` varchar(200) NOT NULL,
  `max_deposits_amount` int UNSIGNED NOT NULL,
  `min_deposits_amount` int UNSIGNED NOT NULL,
  `min_sale_amount` int UNSIGNED NOT NULL,
  `max_sale_amount` int UNSIGNED NOT NULL,
  `enable_paypal` enum('0','1') NOT NULL DEFAULT '0',
  `enable_stripe` enum('0','1') NOT NULL DEFAULT '0',
  `currency_position` enum('left','right') NOT NULL DEFAULT 'left',
  `currency_symbol` varchar(200) NOT NULL,
  `currency_code` varchar(200) NOT NULL,
  `amount_min_withdrawal` int UNSIGNED NOT NULL,
  `sell_option` enum('on','off') NOT NULL DEFAULT 'on',
  `show_images_index` enum('latest','featured','both') NOT NULL DEFAULT 'latest',
  `show_watermark` enum('1','0') NOT NULL DEFAULT '1',
  `file_size_allowed_vector` int UNSIGNED NOT NULL DEFAULT '1024',
  `link_license` varchar(200) NOT NULL,
  `decimal_format` enum('comma','dot') NOT NULL DEFAULT 'dot',
  `version` varchar(5) NOT NULL,
  `title_length` int UNSIGNED NOT NULL,
  `daily_limit_downloads` int UNSIGNED NOT NULL,
  `fee_commission_non_exclusive` int UNSIGNED NOT NULL,
  `who_can_sell` enum('all','admin') NOT NULL DEFAULT 'all',
  `who_can_upload` enum('all','admin') NOT NULL DEFAULT 'all',
  `show_counter` enum('on','off') NOT NULL DEFAULT 'on',
  `show_categories_index` enum('on','off') NOT NULL DEFAULT 'on',
  `free_photo_upload` enum('on','off') NOT NULL DEFAULT 'on',
  `price_formats` enum('0','1') NOT NULL DEFAULT '1' COMMENT '0 Manual, 1 Automatic',
  `logo` varchar(100) NOT NULL,
  `favicon` varchar(100) NOT NULL,
  `image_header` varchar(100) NOT NULL,
  `image_bottom` varchar(100) NOT NULL,
  `watermark` varchar(100) NOT NULL,
  `header_colors` varchar(100) NOT NULL,
  `header_cameras` varchar(100) NOT NULL,
  `avatar` varchar(100) NOT NULL,
  `cover` varchar(100) NOT NULL,
  `img_category` varchar(100) NOT NULL,
  `img_collection` varchar(100) NOT NULL,
  `youtube` varchar(200) NOT NULL,
  `pinterest` varchar(200) NOT NULL,
  `lightbox` enum('on','off') NOT NULL DEFAULT 'on'
) ENGINE=MyISAM DEFAULT CHARSET=utf8mb3;

--
-- Dumping data for table `admin_settings`
--

INSERT INTO `admin_settings` (`id`, `title`, `description`, `welcome_text`, `welcome_subtitle`, `keywords`, `result_request`, `limit_upload_user`, `status_page`, `message_length`, `comment_length`, `registration_active`, `email_verification`, `email_no_reply`, `email_admin`, `captcha`, `file_size_allowed`, `facebook_login`, `google_analytics`, `invitations_by_email`, `twitter`, `facebook`, `googleplus`, `linkedin`, `instagram`, `google_adsense`, `auto_approve_images`, `tags_limit`, `downloads`, `google_ads_index`, `description_length`, `min_width_height_image`, `google_adsense_index`, `link_privacy`, `link_terms`, `twitter_login`, `paypal_sandbox`, `paypal_account`, `fee_commission`, `stripe_secret_key`, `stripe_public_key`, `max_deposits_amount`, `min_deposits_amount`, `min_sale_amount`, `max_sale_amount`, `enable_paypal`, `enable_stripe`, `currency_position`, `currency_symbol`, `currency_code`, `amount_min_withdrawal`, `sell_option`, `show_images_index`, `show_watermark`, `file_size_allowed_vector`, `link_license`, `decimal_format`, `version`, `title_length`, `daily_limit_downloads`, `fee_commission_non_exclusive`, `who_can_sell`, `who_can_upload`, `show_counter`, `show_categories_index`, `free_photo_upload`, `price_formats`, `logo`, `favicon`, `image_header`, `image_bottom`, `watermark`, `header_colors`, `header_cameras`, `avatar`, `cover`, `img_category`, `img_collection`, `youtube`, `pinterest`, `lightbox`) VALUES
(1, 'Luna Babes', 'Lorem ipsum dolor sit amet, consectetur adipiscing elit. Integer ut tortor rutrum massa efficitur tincidunt vel nec lacus. Curabitur porta aliquet diam, eu gravida neque lacinia in. Praesent eget orci id sem commodo aliquet.', 'Luna Babes', 'Luna Babes Wwlcome', 'images free,stock images,stock free images', 12, 2, '1', 180, 180, '1', '0', 'no-reply@miguelvasquez.net', 'admin@miguelvasquez.net', 'off', 5120, 'off', '', 'off', 'https://www.twitter.com/', 'https://www.facebook.com/', 'https://plus.google.com/', 'https://www.linkedin.com/', 'https://www.instagram.com/', '', 'on', 10, 'users', 'off', 160, '1920x1200', '', 'https://yousite.com/page/privacy', 'https://yousite.com/page/terms', 'off', 'true', '', 5, '', '', 100, 5, 100, 5, '0', '0', 'left', '$', 'USD', 25, 'off', 'latest', '1', 20480, '', 'dot', '3.9', 50, 0, 70, 'all', 'admin', 'on', 'on', 'on', '1', 'logo-1630565135.png', 'favicon.png', 'header_index.jpg', 'cover.jpg', 'watermark-1630402484.png', 'header_colors.jpg', 'header_cameras.jpg', 'default.jpg', 'cover.jpg', 'default.jpg', 'img-collection.jpg', '', '', 'off');

-- --------------------------------------------------------

--
-- Table structure for table `ads`
--

CREATE TABLE `ads` (
  `id` int UNSIGNED NOT NULL,
  `name` varchar(255) NOT NULL,
  `url` varchar(200) NOT NULL,
  `thumbnail` varchar(150) NOT NULL,
  `mode` enum('on','off') NOT NULL DEFAULT 'on',
  `adsshow` enum('none','footer','sidebar') CHARACTER SET utf8 COLLATE utf8_general_ci NOT NULL DEFAULT 'none'
) ENGINE=InnoDB DEFAULT CHARSET=utf8mb3;

--
-- Dumping data for table `ads`
--

INSERT INTO `ads` (`id`, `name`, `url`, `thumbnail`, `mode`, `adsshow`) VALUES
(14, 'First Ads', 'https://google.com', 'First Ads-uiSbrzY3MQh8MLcYDzsXsy2gLqdB9NYn.jpg', 'on', 'sidebar'),
(15, 'second Ads', 'https://google.com', 'second Ads-a9pg1rhwGo1ep0VON1BLi3qQWug9FPho.jpg', 'on', 'sidebar'),
(16, 'Third Ads', 'https://google.com', 'Third Ads-3ZlGOehCMlzkYMjVrv45Hazh8RN2kntE.jpg', 'on', 'sidebar'),
(17, 'Fourth Ads', 'https://google.com', '-1VN9nTI2MhsMoRG5giagcdrxKSLHkhhZ.jpg', 'on', 'footer');

-- --------------------------------------------------------

--
-- Table structure for table `categories`
--

CREATE TABLE `categories` (
  `id` int UNSIGNED NOT NULL,
  `name` varchar(255) NOT NULL,
  `slug` varchar(200) NOT NULL,
  `thumbnail` varchar(150) NOT NULL,
  `mode` enum('on','off') NOT NULL DEFAULT 'on'
) ENGINE=InnoDB DEFAULT CHARSET=utf8mb3;

--
-- Dumping data for table `categories`
--

INSERT INTO `categories` (`id`, `name`, `slug`, `thumbnail`, `mode`) VALUES
(1, 'Uncategorized', 'uncategorized', '', 'on'),
(2, 'Animals', 'animals', '', 'on'),
(3, 'Architecture', 'architecture', '', 'on'),
(4, 'Foods & Drinks', 'foods-drinks', '', 'on'),
(5, 'Music', 'music', '', 'on'),
(6, 'People', 'people', '', 'on'),
(7, 'Places', 'places', '', 'on'),
(8, 'Sports', 'sports', '', 'on'),
(9, 'Travel', 'travel', '', 'on'),
(10, 'Fashion', 'fashion', '', 'on'),
(11, 'Transportation / Cars', 'cars', '', 'on'),
(12, 'Nature / Landscapes', 'nature-landscapes', '', 'on'),
(13, 'Backgrounds / Textures', 'backgrounds', '', 'on'),
(14, 'Business / Finance', 'business', '', 'on'),
(15, 'Computer / Communication', 'computer', '', 'on'),
(16, 'Education', 'education', '', 'on'),
(17, 'Emotions', 'emotions', '', 'on'),
(18, 'Health / Medical', 'health', '', 'on'),
(19, 'Industry / Craft', 'industry', '', 'on'),
(20, 'Religion', 'religion', '', 'on'),
(21, 'Science / Technology', 'science-technology', '', 'on');

-- --------------------------------------------------------

--
-- Table structure for table `collections`
--

CREATE TABLE `collections` (
  `id` int UNSIGNED NOT NULL,
  `user_id` int UNSIGNED NOT NULL,
  `title` varchar(100) NOT NULL,
  `description` varchar(100) NOT NULL,
  `created_at` timestamp NOT NULL DEFAULT CURRENT_TIMESTAMP,
  `update_at` timestamp NOT NULL DEFAULT '0000-00-00 00:00:00',
  `type` enum('public','private') NOT NULL DEFAULT 'public'
) ENGINE=InnoDB DEFAULT CHARSET=utf8mb3;

-- --------------------------------------------------------

--
-- Table structure for table `collections_images`
--

CREATE TABLE `collections_images` (
  `id` int UNSIGNED NOT NULL,
  `collections_id` int UNSIGNED NOT NULL,
  `images_id` int UNSIGNED NOT NULL
) ENGINE=InnoDB DEFAULT CHARSET=utf8mb3;

-- --------------------------------------------------------

--
-- Table structure for table `comments`
--

CREATE TABLE `comments` (
  `id` int UNSIGNED NOT NULL,
  `images_id` int UNSIGNED NOT NULL,
  `user_id` int UNSIGNED NOT NULL,
  `reply` text NOT NULL,
  `date` timestamp NOT NULL DEFAULT CURRENT_TIMESTAMP,
  `status` enum('0','1') NOT NULL DEFAULT '1' COMMENT '0 Trash, 1 Active'
) ENGINE=InnoDB DEFAULT CHARSET=utf8mb3;

-- --------------------------------------------------------

--
-- Table structure for table `comments_likes`
--

CREATE TABLE `comments_likes` (
  `id` int UNSIGNED NOT NULL,
  `user_id` int UNSIGNED NOT NULL,
  `comment_id` int UNSIGNED NOT NULL,
  `status` enum('0','1') NOT NULL DEFAULT '1' COMMENT '0 trash, 1 active',
  `created_at` timestamp NOT NULL DEFAULT CURRENT_TIMESTAMP
) ENGINE=InnoDB DEFAULT CHARSET=utf8mb3;

-- --------------------------------------------------------

--
-- Table structure for table `countries`
--

CREATE TABLE `countries` (
  `id` int NOT NULL,
  `country_code` varchar(2) NOT NULL DEFAULT '',
  `country_name` varchar(100) NOT NULL DEFAULT ''
) ENGINE=MyISAM DEFAULT CHARSET=utf8mb3;

--
-- Dumping data for table `countries`
--

INSERT INTO `countries` (`id`, `country_code`, `country_name`) VALUES
(1, 'US', 'United States'),
(2, 'CA', 'Canada'),
(3, 'AF', 'Afghanistan'),
(4, 'AL', 'Albania'),
(5, 'DZ', 'Algeria'),
(6, 'DS', 'American Samoa'),
(7, 'AD', 'Andorra'),
(8, 'AO', 'Angola'),
(9, 'AI', 'Anguilla'),
(10, 'AQ', 'Antarctica'),
(11, 'AG', 'Antigua and/or Barbuda'),
(12, 'AR', 'Argentina'),
(13, 'AM', 'Armenia'),
(14, 'AW', 'Aruba'),
(15, 'AU', 'Australia'),
(16, 'AT', 'Austria'),
(17, 'AZ', 'Azerbaijan'),
(18, 'BS', 'Bahamas'),
(19, 'BH', 'Bahrain'),
(20, 'BD', 'Bangladesh'),
(21, 'BB', 'Barbados'),
(22, 'BY', 'Belarus'),
(23, 'BE', 'Belgium'),
(24, 'BZ', 'Belize'),
(25, 'BJ', 'Benin'),
(26, 'BM', 'Bermuda'),
(27, 'BT', 'Bhutan'),
(28, 'BO', 'Bolivia'),
(29, 'BA', 'Bosnia and Herzegovina'),
(30, 'BW', 'Botswana'),
(31, 'BV', 'Bouvet Island'),
(32, 'BR', 'Brazil'),
(33, 'IO', 'British lndian Ocean Territory'),
(34, 'BN', 'Brunei Darussalam'),
(35, 'BG', 'Bulgaria'),
(36, 'BF', 'Burkina Faso'),
(37, 'BI', 'Burundi'),
(38, 'KH', 'Cambodia'),
(39, 'CM', 'Cameroon'),
(40, 'CV', 'Cape Verde'),
(41, 'KY', 'Cayman Islands'),
(42, 'CF', 'Central African Republic'),
(43, 'TD', 'Chad'),
(44, 'CL', 'Chile'),
(45, 'CN', 'China'),
(46, 'CX', 'Christmas Island'),
(47, 'CC', 'Cocos (Keeling) Islands'),
(48, 'CO', 'Colombia'),
(49, 'KM', 'Comoros'),
(50, 'CG', 'Congo'),
(51, 'CK', 'Cook Islands'),
(52, 'CR', 'Costa Rica'),
(53, 'HR', 'Croatia (Hrvatska)'),
(54, 'CU', 'Cuba'),
(55, 'CY', 'Cyprus'),
(56, 'CZ', 'Czech Republic'),
(57, 'DK', 'Denmark'),
(58, 'DJ', 'Djibouti'),
(59, 'DM', 'Dominica'),
(60, 'DO', 'Dominican Republic'),
(61, 'TP', 'East Timor'),
(62, 'EC', 'Ecuador'),
(63, 'EG', 'Egypt'),
(64, 'SV', 'El Salvador'),
(65, 'GQ', 'Equatorial Guinea'),
(66, 'ER', 'Eritrea'),
(67, 'EE', 'Estonia'),
(68, 'ET', 'Ethiopia'),
(69, 'FK', 'Falkland Islands (Malvinas)'),
(70, 'FO', 'Faroe Islands'),
(71, 'FJ', 'Fiji'),
(72, 'FI', 'Finland'),
(73, 'FR', 'France'),
(74, 'FX', 'France, Metropolitan'),
(75, 'GF', 'French Guiana'),
(76, 'PF', 'French Polynesia'),
(77, 'TF', 'French Southern Territories'),
(78, 'GA', 'Gabon'),
(79, 'GM', 'Gambia'),
(80, 'GE', 'Georgia'),
(81, 'DE', 'Germany'),
(82, 'GH', 'Ghana'),
(83, 'GI', 'Gibraltar'),
(84, 'GR', 'Greece'),
(85, 'GL', 'Greenland'),
(86, 'GD', 'Grenada'),
(87, 'GP', 'Guadeloupe'),
(88, 'GU', 'Guam'),
(89, 'GT', 'Guatemala'),
(90, 'GN', 'Guinea'),
(91, 'GW', 'Guinea-Bissau'),
(92, 'GY', 'Guyana'),
(93, 'HT', 'Haiti'),
(94, 'HM', 'Heard and Mc Donald Islands'),
(95, 'HN', 'Honduras'),
(96, 'HK', 'Hong Kong'),
(97, 'HU', 'Hungary'),
(98, 'IS', 'Iceland'),
(99, 'IN', 'India'),
(100, 'ID', 'Indonesia'),
(101, 'IR', 'Iran (Islamic Republic of)'),
(102, 'IQ', 'Iraq'),
(103, 'IE', 'Ireland'),
(104, 'IL', 'Israel'),
(105, 'IT', 'Italy'),
(106, 'CI', 'Ivory Coast'),
(107, 'JM', 'Jamaica'),
(108, 'JP', 'Japan'),
(109, 'JO', 'Jordan'),
(110, 'KZ', 'Kazakhstan'),
(111, 'KE', 'Kenya'),
(112, 'KI', 'Kiribati'),
(113, 'KP', 'Korea, Democratic People\'s Republic of'),
(114, 'KR', 'Korea, Republic of'),
(115, 'XK', 'Kosovo'),
(116, 'KW', 'Kuwait'),
(117, 'KG', 'Kyrgyzstan'),
(118, 'LA', 'Lao People\'s Democratic Republic'),
(119, 'LV', 'Latvia'),
(120, 'LB', 'Lebanon'),
(121, 'LS', 'Lesotho'),
(122, 'LR', 'Liberia'),
(123, 'LY', 'Libyan Arab Jamahiriya'),
(124, 'LI', 'Liechtenstein'),
(125, 'LT', 'Lithuania'),
(126, 'LU', 'Luxembourg'),
(127, 'MO', 'Macau'),
(128, 'MK', 'Macedonia'),
(129, 'MG', 'Madagascar'),
(130, 'MW', 'Malawi'),
(131, 'MY', 'Malaysia'),
(132, 'MV', 'Maldives'),
(133, 'ML', 'Mali'),
(134, 'MT', 'Malta'),
(135, 'MH', 'Marshall Islands'),
(136, 'MQ', 'Martinique'),
(137, 'MR', 'Mauritania'),
(138, 'MU', 'Mauritius'),
(139, 'TY', 'Mayotte'),
(140, 'MX', 'Mexico'),
(141, 'FM', 'Micronesia, Federated States of'),
(142, 'MD', 'Moldova, Republic of'),
(143, 'MC', 'Monaco'),
(144, 'MN', 'Mongolia'),
(145, 'ME', 'Montenegro'),
(146, 'MS', 'Montserrat'),
(147, 'MA', 'Morocco'),
(148, 'MZ', 'Mozambique'),
(149, 'MM', 'Myanmar'),
(150, 'NA', 'Namibia'),
(151, 'NR', 'Nauru'),
(152, 'NP', 'Nepal'),
(153, 'NL', 'Netherlands'),
(154, 'AN', 'Netherlands Antilles'),
(155, 'NC', 'New Caledonia'),
(156, 'NZ', 'New Zealand'),
(157, 'NI', 'Nicaragua'),
(158, 'NE', 'Niger'),
(159, 'NG', 'Nigeria'),
(160, 'NU', 'Niue'),
(161, 'NF', 'Norfork Island'),
(162, 'MP', 'Northern Mariana Islands'),
(163, 'NO', 'Norway'),
(164, 'OM', 'Oman'),
(165, 'PK', 'Pakistan'),
(166, 'PW', 'Palau'),
(167, 'PA', 'Panama'),
(168, 'PG', 'Papua New Guinea'),
(169, 'PY', 'Paraguay'),
(170, 'PE', 'Peru'),
(171, 'PH', 'Philippines'),
(172, 'PN', 'Pitcairn'),
(173, 'PL', 'Poland'),
(174, 'PT', 'Portugal'),
(175, 'PR', 'Puerto Rico'),
(176, 'QA', 'Qatar'),
(177, 'RE', 'Reunion'),
(178, 'RO', 'Romania'),
(179, 'RU', 'Russian Federation'),
(180, 'RW', 'Rwanda'),
(181, 'KN', 'Saint Kitts and Nevis'),
(182, 'LC', 'Saint Lucia'),
(183, 'VC', 'Saint Vincent and the Grenadines'),
(184, 'WS', 'Samoa'),
(185, 'SM', 'San Marino'),
(186, 'ST', 'Sao Tome and Principe'),
(187, 'SA', 'Saudi Arabia'),
(188, 'SN', 'Senegal'),
(189, 'RS', 'Serbia'),
(190, 'SC', 'Seychelles'),
(191, 'SL', 'Sierra Leone'),
(192, 'SG', 'Singapore'),
(193, 'SK', 'Slovakia'),
(194, 'SI', 'Slovenia'),
(195, 'SB', 'Solomon Islands'),
(196, 'SO', 'Somalia'),
(197, 'ZA', 'South Africa'),
(198, 'GS', 'South Georgia South Sandwich Islands'),
(199, 'ES', 'Spain'),
(200, 'LK', 'Sri Lanka'),
(201, 'SH', 'St. Helena'),
(202, 'PM', 'St. Pierre and Miquelon'),
(203, 'SD', 'Sudan'),
(204, 'SR', 'Suriname'),
(205, 'SJ', 'Svalbarn and Jan Mayen Islands'),
(206, 'SZ', 'Swaziland'),
(207, 'SE', 'Sweden'),
(208, 'CH', 'Switzerland'),
(209, 'SY', 'Syrian Arab Republic'),
(210, 'TW', 'Taiwan'),
(211, 'TJ', 'Tajikistan'),
(212, 'TZ', 'Tanzania, United Republic of'),
(213, 'TH', 'Thailand'),
(214, 'TG', 'Togo'),
(215, 'TK', 'Tokelau'),
(216, 'TO', 'Tonga'),
(217, 'TT', 'Trinidad and Tobago'),
(218, 'TN', 'Tunisia'),
(219, 'TR', 'Turkey'),
(220, 'TM', 'Turkmenistan'),
(221, 'TC', 'Turks and Caicos Islands'),
(222, 'TV', 'Tuvalu'),
(223, 'UG', 'Uganda'),
(224, 'UA', 'Ukraine'),
(225, 'AE', 'United Arab Emirates'),
(226, 'GB', 'United Kingdom'),
(227, 'UM', 'United States minor outlying islands'),
(228, 'UY', 'Uruguay'),
(229, 'UZ', 'Uzbekistan'),
(230, 'VU', 'Vanuatu'),
(231, 'VA', 'Vatican City State'),
(232, 'VE', 'Venezuela'),
(233, 'VN', 'Vietnam'),
(234, 'VG', 'Virgin Islands (British)'),
(235, 'VI', 'Virgin Islands (U.S.)'),
(236, 'WF', 'Wallis and Futuna Islands'),
(237, 'EH', 'Western Sahara'),
(238, 'YE', 'Yemen'),
(239, 'YU', 'Yugoslavia'),
(240, 'ZR', 'Zaire'),
(241, 'ZM', 'Zambia'),
(242, 'ZW', 'Zimbabwe');

-- --------------------------------------------------------

--
-- Table structure for table `deposits`
--

CREATE TABLE `deposits` (
  `id` int UNSIGNED NOT NULL,
  `user_id` int UNSIGNED NOT NULL,
  `txn_id` varchar(200) CHARACTER SET utf8mb4 COLLATE utf8mb4_unicode_ci NOT NULL,
  `amount` int UNSIGNED NOT NULL,
  `payment_gateway` varchar(100) CHARACTER SET utf8mb4 COLLATE utf8mb4_unicode_ci NOT NULL,
  `date` timestamp NOT NULL DEFAULT CURRENT_TIMESTAMP ON UPDATE CURRENT_TIMESTAMP
) ENGINE=InnoDB DEFAULT CHARSET=utf8mb4 COLLATE=utf8mb4_unicode_ci;

-- --------------------------------------------------------

--
-- Table structure for table `downloads`
--

CREATE TABLE `downloads` (
  `id` bigint UNSIGNED NOT NULL,
  `images_id` int UNSIGNED NOT NULL,
  `user_id` int UNSIGNED NOT NULL,
  `ip` varchar(25) NOT NULL,
  `date` timestamp NOT NULL DEFAULT CURRENT_TIMESTAMP,
  `type` varchar(5) NOT NULL,
  `size` varchar(10) NOT NULL
) ENGINE=InnoDB DEFAULT CHARSET=utf8mb3;

-- --------------------------------------------------------

--
-- Table structure for table `followers`
--

CREATE TABLE `followers` (
  `id` int UNSIGNED NOT NULL,
  `follower` int UNSIGNED NOT NULL,
  `following` int UNSIGNED NOT NULL,
  `date` timestamp NOT NULL DEFAULT CURRENT_TIMESTAMP,
  `status` enum('0','1') CHARACTER SET utf8 COLLATE utf8_unicode_ci NOT NULL DEFAULT '1' COMMENT '0 Delete, 1 Active'
) ENGINE=InnoDB DEFAULT CHARSET=utf8mb3 COLLATE=utf8_unicode_ci;

-- --------------------------------------------------------

--
-- Table structure for table `images`
--

CREATE TABLE `images` (
  `id` int NOT NULL,
  `thumbnail` varchar(255) NOT NULL,
  `preview` varchar(100) NOT NULL,
  `large` varchar(255) NOT NULL,
  `medium` varchar(255) NOT NULL,
  `small` varchar(255) NOT NULL,
  `title` varchar(255) NOT NULL,
  `description` text NOT NULL,
  `categories_id` int UNSIGNED NOT NULL,
  `user_id` int UNSIGNED NOT NULL,
  `date` timestamp NOT NULL DEFAULT CURRENT_TIMESTAMP,
  `status` enum('active','pending') NOT NULL DEFAULT 'pending',
  `token_id` varchar(255) NOT NULL,
  `tags` text NOT NULL,
  `extension` varchar(25) NOT NULL,
  `featured` enum('yes','no') NOT NULL DEFAULT 'no',
  `featured_date` timestamp NOT NULL DEFAULT '0000-00-00 00:00:00',
  `original_name` varchar(255) NOT NULL,
  `total_views` int DEFAULT '0',
  `total_like` int DEFAULT NULL,
  `total_dislike` int DEFAULT NULL
) ENGINE=InnoDB DEFAULT CHARSET=utf8mb3;

--
-- Dumping data for table `images`
--

INSERT INTO `images` (`id`, `thumbnail`, `preview`, `large`, `medium`, `small`, `title`, `description`, `categories_id`, `user_id`, `date`, `status`, `token_id`, `tags`, `extension`, `featured`, `featured_date`, `original_name`, `total_views`, `total_like`, `total_dislike`) VALUES
(179, 'first-images-11630565302exflsz10z6.jpg', 'first-images-11630565302updjnpyfra.jpg', '11630565302sbvye1xa7weeldlv7bi2qyhtc5eqgjaf7ouqbmy4hh8tjwqvvmrbxviijllkxbruw2xltlfdq7wzfii6rvoggvicakcklx0mi21u.jpg', '11630565302i4ekt7kgdnxd9wldlnfhs1c4lajmipobgxrn08q7cdhc7aslpkmp5hjqfugnyazla2uabxxlygl6ublldcmss1ltw1cdbaxu5qy5.jpg', '116305653026xqwsvgz9jbj2e9rpwbbqiwzyufm7ablhb5mtywyb8wgqfwbxgb3us341tcquppjgvov63xvk3h8ldhvo7tjvws1upj17n41fuhe.jpg', 'First Images', '', 16, 1, '2021-09-02 06:48:25', 'active', 'j9AavYLjge28souSG1v7ignWfBxVHfskKrPl3C4pe94eKF2bEEVZLfudn00zB8ZFQv6yEsjo9XKvYsrIA6Y2RVeI6Onmhg4ux6YGDefErlOLJi278zZTtsIaFtxNDr4ypIzICGsETmAqv6xPjCWRjC9YMRpdHjL5UVPZDCcSn3qWlpz0ReA2I9Wn8k5H6lScBeRPCxwA', 'first', 'jpg', 'no', '0000-00-00 00:00:00', '83965', 1, 2, 2),
(180, 'first-images-11630565306oqgecnwfjc.jpg', 'first-images-11630565306ptmtcnih1x.jpg', '11630565306i24dp5nmufjlifofmvmyuexwujjxavucvaqcpdzkzzxm8r7pbjnoq4t7sazqlwqwuokbrn49hyt8ordxmbygrdwg9zopj6b3rkj8.jpg', '11630565306nla4hbxx3phqcnrppfeocsd9lfcnc2ynlst5hrbv5hzhlrrj98dzepvgarcqfmmognrdpsrreou7xnwsxhgircy0fm4t5msq8ekf.jpg', '11630565306opmntsx9kvqcehh2vdbacca3dq27zr5caw8sek6gt2m6nqlp7brb0onchxnji93boev58wynqvxeb54gtvuzmbkukn8w6gfhftho.jpg', 'First Images', '', 16, 1, '2021-09-02 06:48:28', 'active', 'KouLjMGNgJYzBOiUh4YU6I78vII9QouepLRhjeHDkux51pxKUNcQPHKiixt9ZEqcIIf62OOfYtaWgiza8NCrqLuLYJlU9ofLw7eT4x0JP8am6q8Ej8zgnclTSARO8wpr5h2o8bfFx4lclwu6RyARVJfEPcYqWXuixc2mu0bcdveqZhcfcon2Zgo5sP5dMtRIx416UbtV', 'first', 'jpg', 'no', '0000-00-00 00:00:00', '171923', 1, 3, 3),
(181, 'second-1163056535135d39s4qli.jpg', 'second-11630565351afsju51upz.jpg', '11630565351iaorog5h39mcy4kx0wotb8znoam2xbmgpgin96lbimq1uquegude8jsdfikrdzztyrxiydzumqszj0muotif1vi1xktvwmbjuiar.jpg', '11630565351b2mob7nr4uxb2wwgwafkijnout2tml6nmsya4rslthqyf2lun1i7chpeok0odpjefl353pjvd6mvixyh3qgnt0boibagb61j1kuy.jpg', '11630565351pasw4u10uju5s64dgpemn6stmfe0c6rcmrkkzizfsiu7fkrhrqbcsng7idn4azg7a4jhqijdvorgga3k0qull97cm1getpia2arh.jpg', 'Second', '', 7, 1, '2021-09-02 06:49:14', 'active', '1lMzzygwJB53lWurAu9LPG6WGKYHnQoMUm6zwX6i6yUa50DCvXJwJpq9H4h1XgkC0vpUvo2qf682RA1guXRQIVv9u6RNowlRL0VvRXBH5sVLRFZsYmo1GEFwevgjd9qU4DoiRDFxDJ8oxoJtpAlYGtV2uXtu6Sptca2fA1igvhSIrlloKWuKG44hpriONzb5FtQUtv97', 'second painting', 'jpg', 'no', '0000-00-00 00:00:00', 'chris-ostrowski-parco-savorgnan-chris-ostrowski-1600w', 1, 3, 3),
(182, 'second-11630565506pctcud93xt.jpg', 'second-11630565506nezyo7g41b.jpg', '11630565506d198ah6lx65sa03xnhbmvlifvns2rphikrf5mgm1nohefdpladz0wfrm6lfqaicfmgzdzxpd3ywchvbbxgbjscj70ocswdfrz4n8.jpg', '116305655068tqecnhcnrylqdllourgkcttrktdpx5in4d0i6xnk1gin95pr3k5jwotnsfyaqjom6jvavvd9zdlop5pzwztphskm71swqn6xlvs.jpg', '11630565506kydtvi5jysgjfmspqxnbysqpmlru7henexuki0tnvg8ptphjyi60g1vo7harewk3j5xkvmhjjoiqxreau36rdfqs1cy55e4sfztn.jpg', 'second', '', 7, 1, '2021-09-02 06:51:49', 'active', 'qjkweo0ziyclzhqaae6I8Ti25rXLlKuXEOJYVph5DXaISG1iNfwazWskyyxu1uD4xVcpdQ9GmoES050YIJphnjHQrta0cynbHge87rQjBPTdljv2AEydXcSVOXEBSvh9LvvMI36lQiKq9VFotCObTi8aK8W6QDliPPRJI5EpM2GDdP65GhvX9lsOd2o2mc9PR4N0bih9', 'painting', 'jpg', 'no', '0000-00-00 00:00:00', 'chris-ostrowski-parco-savorgnan-chris-ostrowski-1600w', 1, 5, 2);

-- --------------------------------------------------------

--
-- Table structure for table `images_reporteds`
--

CREATE TABLE `images_reporteds` (
  `id` int UNSIGNED NOT NULL,
  `user_id` int UNSIGNED NOT NULL,
  `image_id` int UNSIGNED NOT NULL,
  `reason` enum('copyright','privacy_issue','violent_sexual_content') NOT NULL,
  `created_at` timestamp NOT NULL DEFAULT CURRENT_TIMESTAMP
) ENGINE=InnoDB DEFAULT CHARSET=utf8mb3;

-- --------------------------------------------------------

--
-- Table structure for table `images_views`
--

CREATE TABLE `images_views` (
  `id` int UNSIGNED NOT NULL,
  `user_ip` int UNSIGNED NOT NULL,
  `images_id` int UNSIGNED NOT NULL,
  `view` varchar(250) CHARACTER SET utf8 COLLATE utf8_general_ci NOT NULL,
  `date` timestamp NOT NULL DEFAULT CURRENT_TIMESTAMP
) ENGINE=InnoDB DEFAULT CHARSET=utf8mb3 COLLATE=utf8_unicode_ci;

--
-- Dumping data for table `images_views`
--

INSERT INTO `images_views` (`id`, `user_ip`, `images_id`, `view`, `date`) VALUES
(3, 2130706433, 180, '1', '2021-09-03 06:00:50'),
(4, 2130706433, 179, '1', '2021-09-03 06:00:59');

-- --------------------------------------------------------

--
-- Table structure for table `languages`
--

CREATE TABLE `languages` (
  `id` int UNSIGNED NOT NULL,
  `name` varchar(100) CHARACTER SET utf8mb4 COLLATE utf8mb4_unicode_ci NOT NULL,
  `abbreviation` varchar(32) CHARACTER SET utf8mb4 COLLATE utf8mb4_unicode_ci NOT NULL
) ENGINE=InnoDB DEFAULT CHARSET=utf8mb4 COLLATE=utf8mb4_unicode_ci;

--
-- Dumping data for table `languages`
--

INSERT INTO `languages` (`id`, `name`, `abbreviation`) VALUES
(1, 'English', 'en'),
(2, 'Español', 'es');

-- --------------------------------------------------------

--
-- Table structure for table `likes`
--

CREATE TABLE `likes` (
  `id` int UNSIGNED NOT NULL,
  `user_ip` int UNSIGNED NOT NULL,
  `images_id` int UNSIGNED NOT NULL,
  `status` enum('0','1','2') CHARACTER SET utf8 COLLATE utf8_general_ci NOT NULL DEFAULT '0' COMMENT '0 trash, 1 active',
  `date` timestamp NOT NULL DEFAULT CURRENT_TIMESTAMP
) ENGINE=InnoDB DEFAULT CHARSET=utf8mb3 COLLATE=utf8_unicode_ci;

--
-- Dumping data for table `likes`
--

INSERT INTO `likes` (`id`, `user_ip`, `images_id`, `status`, `date`) VALUES
(38, 2130706552, 182, '1', '2021-09-02 11:01:46'),
(39, 2130706552, 180, '1', '2021-09-02 11:02:17'),
(40, 2130706552, 181, '1', '2021-09-02 11:02:21'),
(41, 2130706547, 182, '0', '2021-09-02 11:04:11'),
(42, 2130706547, 180, '0', '2021-09-02 11:04:25'),
(43, 2130706547, 181, '0', '2021-09-02 11:09:32'),
(44, 2130706547, 179, '0', '2021-09-02 11:12:24'),
(45, 2130706542, 182, '1', '2021-09-02 11:13:21'),
(46, 2130706542, 181, '0', '2021-09-02 11:13:25'),
(47, 2130706542, 180, '1', '2021-09-02 11:13:29'),
(48, 2130706542, 179, '1', '2021-09-02 11:13:35'),
(49, 2130706557, 182, '1', '2021-09-02 11:16:49'),
(50, 2130706557, 180, '0', '2021-09-02 11:16:53'),
(51, 2130706557, 181, '1', '2021-09-02 11:16:57'),
(52, 2130706557, 179, '1', '2021-09-02 11:18:00'),
(53, 2130706558, 182, '1', '2021-09-02 11:18:47'),
(54, 2130706558, 181, '1', '2021-09-02 11:18:52'),
(55, 2130706558, 180, '1', '2021-09-02 11:19:01'),
(56, 2130706560, 182, '0', '2021-09-02 11:22:00'),
(57, 2130706560, 180, '0', '2021-09-02 11:28:48'),
(58, 2130706561, 182, '1', '2021-09-02 11:28:55'),
(59, 2130706560, 179, '0', '2021-09-02 11:29:00'),
(60, 2130706433, 181, '0', '2021-09-02 12:39:59');

-- --------------------------------------------------------

--
-- Table structure for table `migrations`
--

CREATE TABLE `migrations` (
  `migration` varchar(255) CHARACTER SET utf8 COLLATE utf8_unicode_ci NOT NULL,
  `batch` int NOT NULL
) ENGINE=InnoDB DEFAULT CHARSET=utf8mb3 COLLATE=utf8_unicode_ci;

-- --------------------------------------------------------

--
-- Table structure for table `notifications`
--

CREATE TABLE `notifications` (
  `id` int UNSIGNED NOT NULL,
  `destination` int UNSIGNED NOT NULL,
  `author` int UNSIGNED NOT NULL,
  `target` int UNSIGNED NOT NULL,
  `type` enum('1','2','3','4','5','6','7') NOT NULL COMMENT '1 Follow, 2  Like, 3 reply, 4 Like Comment',
  `status` enum('0','1') NOT NULL DEFAULT '0' COMMENT '0 unseen, 1 seen',
  `created_at` timestamp NOT NULL DEFAULT CURRENT_TIMESTAMP,
  `trash` enum('0','1') NOT NULL DEFAULT '0' COMMENT '''0 No'',''1Yes'''
) ENGINE=InnoDB DEFAULT CHARSET=utf8mb3;

-- --------------------------------------------------------

--
-- Table structure for table `pages`
--

CREATE TABLE `pages` (
  `id` int UNSIGNED NOT NULL,
  `title` varchar(150) NOT NULL,
  `content` text NOT NULL,
  `slug` varchar(100) NOT NULL
) ENGINE=InnoDB DEFAULT CHARSET=utf8mb3;

--
-- Dumping data for table `pages`
--

INSERT INTO `pages` (`id`, `title`, `content`, `slug`) VALUES
(1, 'Help', '<p>Lorem Ipsum is simply dummy text of the printing and typesetting industry. Lorem Ipsum has been the industry&#39;s standard dummy text ever since the 1500s, when an unknown printer took a galley of type and scrambled it to make a type specimen book. It has survived not only five centuries, but also the leap into electronic typesetting, remaining essentially unchanged. It was popularised in the 1960s with the release of Letraset sheets<br />\r\n<br />\r\nLorem Ipsum is simply dummy text of the printing and typesetting industry. Lorem Ipsum has been the industry&#39;s standard dummy text ever since the 1500s, when an unknown printer took a galley of type and scrambled it to make a type specimen book.</p>\r\n', 'help'),
(2, 'Terms', '<p>Lorem Ipsum is simply dummy text of the printing and typesetting industry. Lorem Ipsum has been the industry&#39;s standard dummy text ever since the 1500s, when an unknown printer took a galley of type and scrambled it to make a type specimen book. It has survived not only five centuries, but also the leap into electronic typesetting, remaining essentially unchanged. It was popularised in the 1960s with the release of Letraset sheets<br />\r\n<br />\r\nLorem Ipsum is simply dummy text of the printing and typesetting industry. Lorem Ipsum has been the industry&#39;s standard dummy text ever since the 1500s, when an unknown printer took a galley of type and scrambled it to make a type specimen book. It has survived not only five centuries, but also the leap into electronic typesetting, remaining essentially unchanged. It was popularised in the 1960s with the release of Letraset sheets<br />\r\n<br />\r\nLorem Ipsum is simply dummy text of the printing and typesetting industry. Lorem Ipsum has been the industry&#39;s standard dummy text ever since the 1500s, when an unknown printer took a galley of type and scrambled it to make a type specimen book. It has survived not only five centuries, but also the leap into electronic typesetting, remaining essentially unchanged. It was popularised in the 1960s with the release of Letraset sheets</p>\r\n', 'terms-of-service'),
(3, 'Privacy', '<p>Lorem Ipsum is simply dummy text of the printing and typesetting industry. Lorem Ipsum has been the industry&#39;s standard dummy text ever since the 1500s, when an unknown printer took a galley of type and scrambled it to make a type specimen book. It has survived not only five centuries, but also the leap into electronic typesetting, remaining essentially unchanged. It was popularised in the 1960s with the release of Letraset sheets<br />\r\n<br />\r\nLorem Ipsum is simply dummy text of the printing and typesetting industry. Lorem Ipsum has been the industry&#39;s standard dummy text ever since the 1500s, when an unknown printer took a galley of type and scrambled it to make a type specimen book.</p>\r\n', 'privacy'),
(5, 'About', '<p>Lorem Ipsum is simply dummy text of the printing and typesetting industry. Lorem Ipsum has been the industry&#39;s standard dummy text ever since the 1500s, when an unknown printer took a galley of type and scrambled it to make a type specimen book. It has survived not only five centuries, but also the leap into electronic typesetting, remaining essentially unchanged. It was popularised in the 1960s with the release of Letraset sheets<br />\r\n<br />\r\nLorem Ipsum is simply dummy text of the printing and typesetting industry. Lorem Ipsum has been the industry&#39;s standard dummy text ever since the 1500s, when an unknown printer took a galley of type and scrambled it to make a type specimen book.</p>\r\n', 'about');

-- --------------------------------------------------------

--
-- Table structure for table `password_resets`
--

CREATE TABLE `password_resets` (
  `id` int UNSIGNED NOT NULL,
  `token` varchar(150) NOT NULL,
  `email` varchar(255) NOT NULL,
  `created_at` timestamp NOT NULL DEFAULT CURRENT_TIMESTAMP
) ENGINE=InnoDB DEFAULT CHARSET=utf8mb3;

-- --------------------------------------------------------

--
-- Table structure for table `payment_gateways`
--

CREATE TABLE `payment_gateways` (
  `id` int UNSIGNED NOT NULL,
  `name` varchar(50) CHARACTER SET utf8mb4 COLLATE utf8mb4_unicode_ci NOT NULL,
  `type` varchar(255) CHARACTER SET utf8mb4 COLLATE utf8mb4_unicode_ci NOT NULL,
  `enabled` enum('1','0') CHARACTER SET utf8mb4 COLLATE utf8mb4_unicode_ci NOT NULL DEFAULT '1',
  `sandbox` enum('true','false') CHARACTER SET utf8mb4 COLLATE utf8mb4_unicode_ci NOT NULL DEFAULT 'true',
  `fee` decimal(3,1) NOT NULL,
  `fee_cents` decimal(2,2) NOT NULL,
  `email` varchar(80) CHARACTER SET utf8mb4 COLLATE utf8mb4_unicode_ci NOT NULL,
  `token` varchar(200) CHARACTER SET utf8mb4 COLLATE utf8mb4_unicode_ci NOT NULL,
  `key` varchar(255) CHARACTER SET utf8mb4 COLLATE utf8mb4_unicode_ci NOT NULL,
  `key_secret` varchar(255) CHARACTER SET utf8mb4 COLLATE utf8mb4_unicode_ci NOT NULL,
  `bank_info` text CHARACTER SET utf8mb4 COLLATE utf8mb4_unicode_ci NOT NULL
) ENGINE=InnoDB DEFAULT CHARSET=utf8mb4 COLLATE=utf8mb4_unicode_ci;

--
-- Dumping data for table `payment_gateways`
--

INSERT INTO `payment_gateways` (`id`, `name`, `type`, `enabled`, `sandbox`, `fee`, `fee_cents`, `email`, `token`, `key`, `key_secret`, `bank_info`) VALUES
(1, 'PayPal', 'normal', '0', 'true', '5.4', '0.30', 'paypal@yoursite.com', '02bGGfD9bHevK3eJN06CdDvFSTXsTrTG44yGdAONeN1R37jqnLY1PuNF0mJRoFnsEygyf28yePSCA1eR0alQk4BX89kGG9Rlha2D2KX55TpDFNR5o774OshrkHSZLOFo2fAhHzcWKnwsYDFKgwuaRg', '', '', ''),
(2, 'Stripe', 'card', '0', 'true', '2.9', '0.30', '', 'asfQSGRvYzS1P0X745krAAyHeU7ZbTpHbYKnxI2abQsBUi48EpeAu5lFAU2iBmsUWO5tpgAn9zzussI4Cce5ZcANIAmfBz0bNR9g3UfR4cserhkJwZwPsETiXiZuCixXVDHhCItuXTPXXSA6KITEoT', '', '', '');

-- --------------------------------------------------------

--
-- Table structure for table `purchases`
--

CREATE TABLE `purchases` (
  `id` int UNSIGNED NOT NULL,
  `images_id` int UNSIGNED NOT NULL,
  `user_id` int UNSIGNED NOT NULL,
  `price` int UNSIGNED NOT NULL,
  `date` timestamp NOT NULL DEFAULT CURRENT_TIMESTAMP ON UPDATE CURRENT_TIMESTAMP,
  `approved` enum('0','1') CHARACTER SET utf8mb4 COLLATE utf8mb4_unicode_ci NOT NULL DEFAULT '1',
  `earning_net_seller` decimal(10,2) NOT NULL,
  `earning_net_admin` decimal(10,2) NOT NULL,
  `type` varchar(25) CHARACTER SET utf8mb4 COLLATE utf8mb4_unicode_ci NOT NULL,
  `license` varchar(25) CHARACTER SET utf8mb4 COLLATE utf8mb4_unicode_ci NOT NULL,
  `order_id` varchar(25) CHARACTER SET utf8mb4 COLLATE utf8mb4_unicode_ci NOT NULL,
  `purchase_code` varchar(40) CHARACTER SET utf8mb4 COLLATE utf8mb4_unicode_ci NOT NULL
) ENGINE=InnoDB DEFAULT CHARSET=utf8mb4 COLLATE=utf8mb4_unicode_ci;

-- --------------------------------------------------------

--
-- Table structure for table `replies`
--

CREATE TABLE `replies` (
  `id` int UNSIGNED NOT NULL,
  `comment_id` int UNSIGNED NOT NULL,
  `user_id` int UNSIGNED NOT NULL,
  `reply` text NOT NULL,
  `date` timestamp NOT NULL DEFAULT CURRENT_TIMESTAMP,
  `status` enum('0','1') NOT NULL DEFAULT '1' COMMENT '0 Trash, 1 Active'
) ENGINE=InnoDB DEFAULT CHARSET=utf8mb3;

-- --------------------------------------------------------

--
-- Table structure for table `reserved`
--

CREATE TABLE `reserved` (
  `id` int UNSIGNED NOT NULL,
  `name` varchar(255) NOT NULL
) ENGINE=InnoDB DEFAULT CHARSET=utf8mb3;

--
-- Dumping data for table `reserved`
--

INSERT INTO `reserved` (`id`, `name`) VALUES
(14, 'account'),
(31, 'api'),
(2, 'app'),
(30, 'bootstrap'),
(34, 'categories'),
(36, 'collections'),
(29, 'comment'),
(25, 'contact'),
(41, 'core'),
(35, 'featured'),
(38, 'feed'),
(32, 'freebies'),
(9, 'goods'),
(1, 'gostock1'),
(11, 'jobs'),
(21, 'join'),
(16, 'latest'),
(37, 'likes'),
(20, 'login'),
(33, 'logout'),
(27, 'members'),
(13, 'messages'),
(19, 'notifications'),
(15, 'popular'),
(6, 'porn'),
(26, 'programs'),
(12, 'projects'),
(3, 'public'),
(23, 'register'),
(17, 'search'),
(7, 'sex'),
(8, 'tags'),
(42, 'update'),
(24, 'upgrade'),
(28, 'upload'),
(4, 'vendor'),
(5, 'xxx');

-- --------------------------------------------------------

--
-- Table structure for table `stock`
--

CREATE TABLE `stock` (
  `id` int UNSIGNED NOT NULL,
  `images_id` int UNSIGNED NOT NULL,
  `name` varchar(255) NOT NULL,
  `type` enum('small','medium','large','vector') NOT NULL,
  `extension` varchar(25) NOT NULL,
  `resolution` varchar(100) NOT NULL,
  `size` varchar(50) NOT NULL,
  `token` varchar(200) NOT NULL
) ENGINE=InnoDB DEFAULT CHARSET=utf8mb3;

--
-- Dumping data for table `stock`
--

INSERT INTO `stock` (`id`, `images_id`, `name`, `type`, `extension`, `resolution`, `size`, `token`) VALUES
(319, 132, '11630405803a1zqotvihqtojvvtqvbhayhdbfxnhrhva9l87cnsnzagdk5gkpwvawl9rloijm7rc1oi5tb67k5bwwt1atyrjp5aekbscv0ke4oj.jpg', 'large', 'jpg', '1200x1801', '118.5kB', 'E0fhAucH2sai5iO8P3C4vbhAi3SBSu3nRLsPQzByICon88bbKONi44iUu00xI3xE1IacoTvWmXQ5e0eezMXBukuC5SVFPvShfvg4qkLo74sr1YkVL5yQL9lHgHRRb8QLv4QcqhPewwDgkaXswEIyK5YZDss1ssbBPHahsBVtje9jQg6CECXybOydGn2Cmihw52UIpkB9'),
(320, 132, '11630405803l5ihmkgtczppknmu2hk5tnge00j1tcteijiddioejfppu4nidfjcciwmbp0r1mie3uebqgmhcbnvy0pvznt2m3vchkbapjlvicay.jpg', 'medium', 'jpg', '500x500', '500X500', 'E0fhAucH2sai5iO8P3C4vbhAi3SBSu3nRLsPQzByICon88bbKONi44iUu00xI3xE1IacoTvWmXQ5e0eezMXBukuC5SVFPvShfvg4qkLo74sr1YkVL5yQL9lHgHRRb8QLv4QcqhPewwDgkaXswEIyK5YZDss1ssbBPHahsBVtje9jQg6CECXybOydGn2Cmihw52UIpkB9'),
(321, 132, '11630405803dpl9ezgl2xjj01llfv4muvitpjty673pzprr9dltghivhowntaggdvlutbl6khlzw69benuxusyvrgdpmtpafcu4a9owx40fu54f.jpg', 'small', 'jpg', '300x300', '300X300', 'E0fhAucH2sai5iO8P3C4vbhAi3SBSu3nRLsPQzByICon88bbKONi44iUu00xI3xE1IacoTvWmXQ5e0eezMXBukuC5SVFPvShfvg4qkLo74sr1YkVL5yQL9lHgHRRb8QLv4QcqhPewwDgkaXswEIyK5YZDss1ssbBPHahsBVtje9jQg6CECXybOydGn2Cmihw52UIpkB9'),
(322, 133, '11630405807xbr08thhq3zwhsoim9zpadby42yaeyzkd23eq40my0o7osgi4ux80ll1ukt6bhe6kzwm9jtgezbv90sogsckduywmauddtc335y7.jpg', 'large', 'jpg', '1200x800', '78.2kB', 'In3Zd8GzV50U9nrQFmi2UZpeLtoN0PgQHqnh95mpSFxJO23Qk5wmungMBPvpGkCuCLYAHogcWxtKQpnCnUFGIS0pBXvkusqWQjxYKfXxHdHaRxbafSJF4HqTaEWtbbl6NkbsoBCgM2EHPqliSSgrqQqiTimSMtJ7MpUTo4sHvVjftH7VXkD1btKKWKDhGk4oDIF6wvul'),
(323, 133, '11630405807qc1udqyyc5ch6ma9jbb76f2zhgrs8tcigg4lzxbexl94praw8k83og2qpeodprwhzao6ennutuff3deenjgpikmjeizzpgzezzrn.jpg', 'medium', 'jpg', '500x500', '500X500', 'In3Zd8GzV50U9nrQFmi2UZpeLtoN0PgQHqnh95mpSFxJO23Qk5wmungMBPvpGkCuCLYAHogcWxtKQpnCnUFGIS0pBXvkusqWQjxYKfXxHdHaRxbafSJF4HqTaEWtbbl6NkbsoBCgM2EHPqliSSgrqQqiTimSMtJ7MpUTo4sHvVjftH7VXkD1btKKWKDhGk4oDIF6wvul'),
(324, 133, '11630405807ry6lrzmtctphfeknsvbr8osfd4w2hooclanga5l44mlabzh4kw3b7v20xl2htc7edfbk9yklsiuk9yd1y31tcoatrgocxohvevi2.jpg', 'small', 'jpg', '300x300', '300X300', 'In3Zd8GzV50U9nrQFmi2UZpeLtoN0PgQHqnh95mpSFxJO23Qk5wmungMBPvpGkCuCLYAHogcWxtKQpnCnUFGIS0pBXvkusqWQjxYKfXxHdHaRxbafSJF4HqTaEWtbbl6NkbsoBCgM2EHPqliSSgrqQqiTimSMtJ7MpUTo4sHvVjftH7VXkD1btKKWKDhGk4oDIF6wvul'),
(325, 134, '11630405810ngg4opigfkot72hqtkqld9fpxq1plxc4fxbvttvtf7fjqhnyu7okfdmyzlgwmdgdm2ynowm6tqsllnewqvp29r6gibcaynonffk5.jpg', 'large', 'jpg', '1200x1801', '114.8kB', 'UzXGWLBpA5792KEkyZsMDRBd2nFYX4Iw9CZONUjJiyr39KT7dqbJt5AcaUtugbKlet0zKLB3kC1wBVnJH3bNdiQiy2xenhI76in389faj5GMPDcQGrH4Xgh4lxKYefUAHI4PrChc7O67lNDyVoueuWUqcHOFae5K9odjMGxdQb6akoqhGZolowVRJbyeMAotYFxdr2Qo'),
(326, 134, '11630405810qqhqmbc2e8zm0cyur3ibdydlywuiwhgugf3jgwymjam4oflsz32dumki87odeimkg9bvhqxzyc1njcisn6qagy0do0v007v8e8w6.jpg', 'medium', 'jpg', '500x500', '500X500', 'UzXGWLBpA5792KEkyZsMDRBd2nFYX4Iw9CZONUjJiyr39KT7dqbJt5AcaUtugbKlet0zKLB3kC1wBVnJH3bNdiQiy2xenhI76in389faj5GMPDcQGrH4Xgh4lxKYefUAHI4PrChc7O67lNDyVoueuWUqcHOFae5K9odjMGxdQb6akoqhGZolowVRJbyeMAotYFxdr2Qo'),
(327, 134, '11630405810tbshbusxvivxz4vecugoqejgg9tjnbrc7yg0o4xtbln6dbcinpzbca6lpwy8ixpbhshaaxpurs8b3kkfg10p4lncto7vjocm4nhv.jpg', 'small', 'jpg', '300x300', '300X300', 'UzXGWLBpA5792KEkyZsMDRBd2nFYX4Iw9CZONUjJiyr39KT7dqbJt5AcaUtugbKlet0zKLB3kC1wBVnJH3bNdiQiy2xenhI76in389faj5GMPDcQGrH4Xgh4lxKYefUAHI4PrChc7O67lNDyVoueuWUqcHOFae5K9odjMGxdQb6akoqhGZolowVRJbyeMAotYFxdr2Qo'),
(328, 135, '11630405813feiwp7jr4swdejp7ey8uzibbrzh7ryr6tqqkzythlwg9rziojkuwxj7oiyq3sbnxubduxygnpq3kkpqsrp00s5sow0knkzszbaj4.jpg', 'large', 'jpg', '1200x800', '78.2kB', 'u9FrO7o38vNGME0sDgjYvr1gyrmq2rqXbjGVwOROblpxkxaTphkX7iMtgoxxrLhn3j2ePPzBO1UwNRYiWBRG3xk5cuKZSLaS0EjLitXb9YpNfL92SW02kV0rsHKEhz8eYz8Grl3Ads0CbeklE13KKN2NAwu1wxcvTMO3Bu87OVC0ye2O29PpmDBZHO8pGzInRcVgMOiG'),
(329, 135, '11630405813ip0hdhpgzirhd48jde6gjk20wg9eiurzdwkuiwebm9v4mhhpkohtbjiy8dl2athsiyf8shaf90ebo2ae4cthq3hlgixjbuvlwnyi.jpg', 'medium', 'jpg', '500x500', '500X500', 'u9FrO7o38vNGME0sDgjYvr1gyrmq2rqXbjGVwOROblpxkxaTphkX7iMtgoxxrLhn3j2ePPzBO1UwNRYiWBRG3xk5cuKZSLaS0EjLitXb9YpNfL92SW02kV0rsHKEhz8eYz8Grl3Ads0CbeklE13KKN2NAwu1wxcvTMO3Bu87OVC0ye2O29PpmDBZHO8pGzInRcVgMOiG'),
(330, 135, '11630405813mmcorcfo0oy2n9olrpkpzrk4ct8ipnqe4ezsxpqneuvompbhwfhx8p2uknb20flwmgtz3yrzwru9ue11etpvygznfqnnfsksxcyc.jpg', 'small', 'jpg', '300x300', '300X300', 'u9FrO7o38vNGME0sDgjYvr1gyrmq2rqXbjGVwOROblpxkxaTphkX7iMtgoxxrLhn3j2ePPzBO1UwNRYiWBRG3xk5cuKZSLaS0EjLitXb9YpNfL92SW02kV0rsHKEhz8eYz8Grl3Ads0CbeklE13KKN2NAwu1wxcvTMO3Bu87OVC0ye2O29PpmDBZHO8pGzInRcVgMOiG'),
(331, 136, '11630405816zbaxjrah1dpbx0hx7bxndvrxt02rt6v2qmpi4wjdackw5biplrjgcl8turkuyys8qwl4osm9myml4nsxjbkvz2ncvvjkqkbazjtg.jpg', 'large', 'jpg', '1200x1801', '121.7kB', '3XkDWCCSNv25t9qohnxDziYcK0IQP9IZEUMO1BkTInBc4BEYUktXM64vQ3jSmoPwZXKNZKI4j1DfglJcfrKlUTh3uv0PRcXWM601Q9ZD1kduz2CeiuQtLcSaZseyYSDyGu0ZFkI75YZapBhhPyV8Bh6edqkbN61IzkA7y8a3iBbU69ku79i97rmtE66Ef591GLPmuzW0'),
(332, 136, '11630405816aph4skmvnuzjokz8uclh4n3azuk2sah8ydetx8oiqhgwobrrukrkj6ebbqjdoluagwpxzaiw0obkkv6ap1jdlmza8tcef4rair0g.jpg', 'medium', 'jpg', '500x500', '500X500', '3XkDWCCSNv25t9qohnxDziYcK0IQP9IZEUMO1BkTInBc4BEYUktXM64vQ3jSmoPwZXKNZKI4j1DfglJcfrKlUTh3uv0PRcXWM601Q9ZD1kduz2CeiuQtLcSaZseyYSDyGu0ZFkI75YZapBhhPyV8Bh6edqkbN61IzkA7y8a3iBbU69ku79i97rmtE66Ef591GLPmuzW0'),
(333, 136, '11630405816hf2szdjxqtcefhlk12ktxacvb4owwvmjyhisryylx5ewewtabicg1fwskbqzkq8opovxjvbohqkdsnjbewhlialzbydefdifupvp.jpg', 'small', 'jpg', '300x300', '300X300', '3XkDWCCSNv25t9qohnxDziYcK0IQP9IZEUMO1BkTInBc4BEYUktXM64vQ3jSmoPwZXKNZKI4j1DfglJcfrKlUTh3uv0PRcXWM601Q9ZD1kduz2CeiuQtLcSaZseyYSDyGu0ZFkI75YZapBhhPyV8Bh6edqkbN61IzkA7y8a3iBbU69ku79i97rmtE66Ef591GLPmuzW0'),
(334, 137, '11630405818xqwzuyalpqnmfrlop6txeha85rftoo0qzk5sjkd9mmstfgwhqkyjpukjb8mj5pv8njsgdeaiuxs5mdkookuxy7gggboxxqp69goz.jpg', 'large', 'jpg', '1200x1801', '114.8kB', 'Ko1j7M6maZhzSzluWLDG0YJiTQx4kmPE3GITXgD9gE8UjhXay28oOwiOe6oPrACK8MltSOICduCefymgIzHd9djK3c6Vj4MgPjoPJW0o9PTJeqJwGTdpqFAHFzhVlVip0yw6VLBLGgc9dNDGEp5oJcQKdzfHhY9hOni7d0r4OP9XNq82LbqIybG96RDSXv1q3COKZvE2'),
(335, 137, '11630405818xhv23ufzpcjoylqbozf3eps26as2lfzjkj65podax5n7b9ubxlzg7l6yrpoeknxmz3rtcg1xmnmj2nxgsnb2orooeggmejxpbulu.jpg', 'medium', 'jpg', '500x500', '500X500', 'Ko1j7M6maZhzSzluWLDG0YJiTQx4kmPE3GITXgD9gE8UjhXay28oOwiOe6oPrACK8MltSOICduCefymgIzHd9djK3c6Vj4MgPjoPJW0o9PTJeqJwGTdpqFAHFzhVlVip0yw6VLBLGgc9dNDGEp5oJcQKdzfHhY9hOni7d0r4OP9XNq82LbqIybG96RDSXv1q3COKZvE2'),
(336, 137, '11630405818efxdxhc5bsqo9jq3yqdzswcifhe3fp1obuvmecllictwm0ltx3lzphxculu8jxtshxfdoadf12vbxdulixvwufq93o6bxq6obayc.jpg', 'small', 'jpg', '300x300', '300X300', 'Ko1j7M6maZhzSzluWLDG0YJiTQx4kmPE3GITXgD9gE8UjhXay28oOwiOe6oPrACK8MltSOICduCefymgIzHd9djK3c6Vj4MgPjoPJW0o9PTJeqJwGTdpqFAHFzhVlVip0yw6VLBLGgc9dNDGEp5oJcQKdzfHhY9hOni7d0r4OP9XNq82LbqIybG96RDSXv1q3COKZvE2'),
(337, 138, '11630405821hnfnkbmub9pwos2zwifip4tsamxslconulaomvf37z72tmzurryjaei1utpbsjlvl67hqde1c6jkmq2j22h664ocewmgtc4tqj5d.jpg', 'large', 'jpg', '1200x1801', '121.7kB', 'AwGabDlCcsXR5oDt5SanBcGYRcaSLz9o2WlcqafIlaYAYxVhb8RVOt4zATHLowvcCovEOfu2HxBV3kl5b1mE2VjxkZBr6NwL6Ei5V5BIOik7r5mrzp3G6GmJB9s4tA2zHlpAgS26r9w8zRXHh6ygpqw5dFqDe2FXTa6aXzUxh8dkPZhBcPIkzfiZkbODUEXUMN3hM7YY'),
(338, 138, '11630405821fagpv94azoxdk4zv70xykcfpwka3ykxlukjkvdsotnuvqqu88zrc49onfuqbeiwpaxm83suzdxew9ufpi0ykybasbpmsf2cdddtf.jpg', 'medium', 'jpg', '500x500', '500X500', 'AwGabDlCcsXR5oDt5SanBcGYRcaSLz9o2WlcqafIlaYAYxVhb8RVOt4zATHLowvcCovEOfu2HxBV3kl5b1mE2VjxkZBr6NwL6Ei5V5BIOik7r5mrzp3G6GmJB9s4tA2zHlpAgS26r9w8zRXHh6ygpqw5dFqDe2FXTa6aXzUxh8dkPZhBcPIkzfiZkbODUEXUMN3hM7YY'),
(339, 138, '11630405821yjuxsf007phy5eierbie476xqrkj4gdkzsvfskwawhfedig8dx0jtdqg4ee2pfvudt7jdymgkp5pgbzasuvezqckam0x6qou5xlk.jpg', 'small', 'jpg', '300x300', '300X300', 'AwGabDlCcsXR5oDt5SanBcGYRcaSLz9o2WlcqafIlaYAYxVhb8RVOt4zATHLowvcCovEOfu2HxBV3kl5b1mE2VjxkZBr6NwL6Ei5V5BIOik7r5mrzp3G6GmJB9s4tA2zHlpAgS26r9w8zRXHh6ygpqw5dFqDe2FXTa6aXzUxh8dkPZhBcPIkzfiZkbODUEXUMN3hM7YY'),
(340, 139, '116304058266g4s3fvwu95dbok9gdsfjgswcvkv3kw2s0rc9bc7mlzagb5mxwinhygzrmfdgekfyx2lrcoc1awrqjzi3lcrscnm9864dwodfyie.jpg', 'large', 'jpg', '1200x1801', '118.5kB', 'xVRIzUGIalScY1qEfTmv0wOUTkMkWfxAdPmF7QRi95WQhh3hrnrDvNPSrnI4zYIGmmMxrBGQ3NPXtVIHU8pgMymploxFGgJFHa4n0j9xaaTCDYxQ7IvT15pME9gFiZWE4XA0PgONvQR5Leh5cfeEHtOoKQzAdU8FjkTbpLXhXdGhPZLVA8Tm9uc0clgvmo28WV2rO5AZ'),
(341, 139, '116304058269is9wiepttid9jmxwvbwwdo1oqre5a6ibzt7fn6jmfcnke3q0biptwjbs1z2vvyvyuw5t7xvqhtdkp3lgnuv4qppez9x3ejolye0.jpg', 'medium', 'jpg', '500x500', '500X500', 'xVRIzUGIalScY1qEfTmv0wOUTkMkWfxAdPmF7QRi95WQhh3hrnrDvNPSrnI4zYIGmmMxrBGQ3NPXtVIHU8pgMymploxFGgJFHa4n0j9xaaTCDYxQ7IvT15pME9gFiZWE4XA0PgONvQR5Leh5cfeEHtOoKQzAdU8FjkTbpLXhXdGhPZLVA8Tm9uc0clgvmo28WV2rO5AZ'),
(342, 139, '11630405826yllm5a9qqp4q4daabzthwnklrusfju2m9flzrmlaisekjicvqa7zyljhndy56zcfmawmhmms6jabctnhzn26laefbznbpo270xme.jpg', 'small', 'jpg', '300x300', '300X300', 'xVRIzUGIalScY1qEfTmv0wOUTkMkWfxAdPmF7QRi95WQhh3hrnrDvNPSrnI4zYIGmmMxrBGQ3NPXtVIHU8pgMymploxFGgJFHa4n0j9xaaTCDYxQ7IvT15pME9gFiZWE4XA0PgONvQR5Leh5cfeEHtOoKQzAdU8FjkTbpLXhXdGhPZLVA8Tm9uc0clgvmo28WV2rO5AZ'),
(343, 140, '11630405830hcvwi0wpnthi5vnmi6zk1scydctt68vtchkjp8bmwpqqdmobaf332rhzz78ryuq77tghl7v0lw8zx3oxgjorsxx93dqej3pzbqez.jpg', 'large', 'jpg', '1200x1801', '129kB', 'D8k2hBK8ZULXnBZ92eKIqnHmGFy5hq06VFOvoDaYD9iC2X4pRZcFNcbaKNGhk4qk7qvIT1ZleqZ56IvBTBYoOMaYYXVf5nxHmcGFae3KlgiQEN1rMkazLoUQwhTOlVTPGdanWnQH8M1utPXMr0uANKW5Os8kRUsDm97z3IiSLkpA2J92LTZ0ilbpb2pks8riSMuNJlnU'),
(344, 140, '116304058306pj9xvtpelysr1at2hhewsdvxlbdpxud7xp7uq1nngmkkq7zeatazvyy21xjeuemt2dr4zquwopmj1kylo6gsjgdwbwdm7nckgl9.jpg', 'medium', 'jpg', '500x500', '500X500', 'D8k2hBK8ZULXnBZ92eKIqnHmGFy5hq06VFOvoDaYD9iC2X4pRZcFNcbaKNGhk4qk7qvIT1ZleqZ56IvBTBYoOMaYYXVf5nxHmcGFae3KlgiQEN1rMkazLoUQwhTOlVTPGdanWnQH8M1utPXMr0uANKW5Os8kRUsDm97z3IiSLkpA2J92LTZ0ilbpb2pks8riSMuNJlnU'),
(345, 140, '11630405830bodgjvn6tgsgmpldjawjyroyqed2xygcszryyz4cmtctfhxua5og7ad1fxqcvqhk1rmyvfkvod3wajuanbj8e9tkbqhvrylz4zln.jpg', 'small', 'jpg', '300x300', '300X300', 'D8k2hBK8ZULXnBZ92eKIqnHmGFy5hq06VFOvoDaYD9iC2X4pRZcFNcbaKNGhk4qk7qvIT1ZleqZ56IvBTBYoOMaYYXVf5nxHmcGFae3KlgiQEN1rMkazLoUQwhTOlVTPGdanWnQH8M1utPXMr0uANKW5Os8kRUsDm97z3IiSLkpA2J92LTZ0ilbpb2pks8riSMuNJlnU'),
(346, 141, '11630405833w7hyjgpippefvmnxvczgkqrusduppbluwdfx8gmwnqw8eon7ci8pupxlpijzouzeg3dyaokgnvguwc2c4vhmk5aarg6qlo1b6oqt.jpg', 'large', 'jpg', '1200x1801', '129kB', '7TPnw8VoYOOY9LQayS2ecVzjxUKO1ikk7H2GD1KQASZ31QDfVDIdjKx8JmVpyw14ZA2t6qjN8fyTNcVTyLKu9g1qyVm0M8j5EAf9fNgO3dhsuhEhUB85qjEoYYAHCgpUjjSEOSWnlQkAvw0oaPUHBJ7AY3P2cbOKglFQRonxjeuCoQMFxkK3PRBFfRlHAXP1q3n9OzjU'),
(347, 141, '11630405833iwmel7wvumixwrqllv5qciymv3r3lc5zxhetuhxzj3xztkowyvegddaib2xai80xnwstubi4ff3ha2h4hjrfcwlxkkcvbgpqex45.jpg', 'medium', 'jpg', '500x500', '500X500', '7TPnw8VoYOOY9LQayS2ecVzjxUKO1ikk7H2GD1KQASZ31QDfVDIdjKx8JmVpyw14ZA2t6qjN8fyTNcVTyLKu9g1qyVm0M8j5EAf9fNgO3dhsuhEhUB85qjEoYYAHCgpUjjSEOSWnlQkAvw0oaPUHBJ7AY3P2cbOKglFQRonxjeuCoQMFxkK3PRBFfRlHAXP1q3n9OzjU'),
(348, 141, '11630405833uryqstvmfp7xnpkkw4h6qfmf0svivjsozycsdopnzbauyogpnjwszss4oklfrywpyf3lqraikojml7je7vy4esutxfchz0qhszky.jpg', 'small', 'jpg', '300x300', '300X300', '7TPnw8VoYOOY9LQayS2ecVzjxUKO1ikk7H2GD1KQASZ31QDfVDIdjKx8JmVpyw14ZA2t6qjN8fyTNcVTyLKu9g1qyVm0M8j5EAf9fNgO3dhsuhEhUB85qjEoYYAHCgpUjjSEOSWnlQkAvw0oaPUHBJ7AY3P2cbOKglFQRonxjeuCoQMFxkK3PRBFfRlHAXP1q3n9OzjU'),
(349, 142, '11630405837zeymqo7wb8lzwipmnllstppwyydruafxlqlaodl7qvvgg1mxpnl9r5qxshrquzwcynnr5lnnqgn1fyi297wr8s0enewoguzjolac.jpg', 'large', 'jpg', '1200x1801', '195.1kB', 'vBkWeuVyv9AnIOkYwI90EwwLd1rj7misvLVyrDYdHRJygUC3di3lv8vy6BjZuajx9umyYnekehL5zfjHu3EGUwe5YoMwkjZi73mpLyZesW1YbbM3zOiY6CBPr9uFHji0ilIAdD95Zi6OwhG7xuyclSWbwaU7dxs1RxxmKqAaK1PfucLDw7lF4MLnX6pIxEQcyKmgJkie'),
(350, 142, '11630405837wtsk6np61pty4snqcfjx37lvlszdpatnmreb7h1nywgczuqipmec9lxdwjmdiuaxfmnf2yqgto1odfmyil0ceqm2u4z71ntocvha.jpg', 'medium', 'jpg', '500x500', '500X500', 'vBkWeuVyv9AnIOkYwI90EwwLd1rj7misvLVyrDYdHRJygUC3di3lv8vy6BjZuajx9umyYnekehL5zfjHu3EGUwe5YoMwkjZi73mpLyZesW1YbbM3zOiY6CBPr9uFHji0ilIAdD95Zi6OwhG7xuyclSWbwaU7dxs1RxxmKqAaK1PfucLDw7lF4MLnX6pIxEQcyKmgJkie'),
(351, 142, '11630405837xa8dnx0slkjrcdgsjd1ectk9jgdttbfxu6cggjrqfdjoyc4jyjladbirwz47ohvbixuamgwkkot1uudsomj7oo8pzp5emlcsi42f.jpg', 'small', 'jpg', '300x300', '300X300', 'vBkWeuVyv9AnIOkYwI90EwwLd1rj7misvLVyrDYdHRJygUC3di3lv8vy6BjZuajx9umyYnekehL5zfjHu3EGUwe5YoMwkjZi73mpLyZesW1YbbM3zOiY6CBPr9uFHji0ilIAdD95Zi6OwhG7xuyclSWbwaU7dxs1RxxmKqAaK1PfucLDw7lF4MLnX6pIxEQcyKmgJkie'),
(352, 143, '11630405840bzgjivsc9akxx5ajnbjfz0pwyotxxxew3352zk42iix2xrsqni0blkygybpyw3wj7i2z15slcqqnlud3wkkie7diigxa6r4t60ik.jpg', 'large', 'jpg', '1200x1801', '195.1kB', 'QlmYxGP8Jh9dEuIEXUOruKCxSKu04LgQg1idP9TCXOc2La4k4PAOg7Ln2jvDgnrZkiT4zeKObyUavfXX5WofWceeFF2O3NuUFKDoxFezu1jwPUyz33Btv0Aw10ekMiC6m3Aox899XeOaVE0bAhd34nztr5zfp00gc3fHoVQkEi4KG1KmnCxSgkWU4HZGPXa0qsxYkc87'),
(353, 143, '11630405840vnhjxsek38rftnbkyhxkzdz9lncpsplkaef0aiij17pfaqpmtp846njghvvlfxkbsukbhurkaih68hoxen1ffae4yge2yb2ji5ru.jpg', 'medium', 'jpg', '500x500', '500X500', 'QlmYxGP8Jh9dEuIEXUOruKCxSKu04LgQg1idP9TCXOc2La4k4PAOg7Ln2jvDgnrZkiT4zeKObyUavfXX5WofWceeFF2O3NuUFKDoxFezu1jwPUyz33Btv0Aw10ekMiC6m3Aox899XeOaVE0bAhd34nztr5zfp00gc3fHoVQkEi4KG1KmnCxSgkWU4HZGPXa0qsxYkc87'),
(354, 143, '11630405840y5eilkuzs7poxjkrkv3xzs30vwex87vqxbqkaeh2zvlz282voileofltr8i09tggz6l9uvj7ukbzrtztsyauccmvdyrwjfusnqxm.jpg', 'small', 'jpg', '300x300', '300X300', 'QlmYxGP8Jh9dEuIEXUOruKCxSKu04LgQg1idP9TCXOc2La4k4PAOg7Ln2jvDgnrZkiT4zeKObyUavfXX5WofWceeFF2O3NuUFKDoxFezu1jwPUyz33Btv0Aw10ekMiC6m3Aox899XeOaVE0bAhd34nztr5zfp00gc3fHoVQkEi4KG1KmnCxSgkWU4HZGPXa0qsxYkc87'),
(355, 144, '11630406000hcczsyjre9d5dnur4z7ok4wwxdslehwiukgjss8y7aqcztzarmlxt4n2g9c9z5xsyrlt2d7ju0n5vbgu4u2l5z23adqkz3yqbdmq.jpg', 'large', 'jpg', '1200x800', '79.5kB', 'JebwWCDp9fuQiVi4EiowVXFEHjpIMjbSkGtuTkTDJWfBjQt48FyIG9Tw4LmJLFB5EB0lEnSj99pEHq8zVaWsmAEOo0KyarCyarTgv37NqryqyJnBDeNSf96jCBFDFpFXVswVfS44ZtpEABK05dhyTM1hij0tzHTwhqy5CNCi2Xg3k8Psyb3yu8C14O8eZXBzpZkfgTOQ'),
(356, 144, '11630406000x8rr8yoap2typpoidqjbjfsoj7hffc1nmlfns8vzhgdz66zybdmb2qpbbqulcwnhhhplplrlzrhj3ajernhreqhytkvq40dxd3n2.jpg', 'medium', 'jpg', '500x500', '500X500', 'JebwWCDp9fuQiVi4EiowVXFEHjpIMjbSkGtuTkTDJWfBjQt48FyIG9Tw4LmJLFB5EB0lEnSj99pEHq8zVaWsmAEOo0KyarCyarTgv37NqryqyJnBDeNSf96jCBFDFpFXVswVfS44ZtpEABK05dhyTM1hij0tzHTwhqy5CNCi2Xg3k8Psyb3yu8C14O8eZXBzpZkfgTOQ'),
(357, 144, '11630406000yburxp8bb8biulpu0plhrub07t16oh9il8afbrup0pqds1pnbwgcicxwdq2h2ztrce7fnkdexzwy3xquwascwky8w3ychehs9qfy.jpg', 'small', 'jpg', '300x300', '300X300', 'JebwWCDp9fuQiVi4EiowVXFEHjpIMjbSkGtuTkTDJWfBjQt48FyIG9Tw4LmJLFB5EB0lEnSj99pEHq8zVaWsmAEOo0KyarCyarTgv37NqryqyJnBDeNSf96jCBFDFpFXVswVfS44ZtpEABK05dhyTM1hij0tzHTwhqy5CNCi2Xg3k8Psyb3yu8C14O8eZXBzpZkfgTOQ'),
(358, 145, '116304060023ah7xviy6rxmfzeyie6rjighuhwbvwvd4m0ritd3u8fk3gnhurtrrm31t96shx7wcdwxynax6vtsn6oz438lwi7nu7nnrrjecenm.jpg', 'large', 'jpg', '1200x800', '61.9kB', '3xcVppgDOjFqCvYZYOmkjD70zEbfSFEqxum9TvLtLZrpEhm6RzgdlhZeumaqb67sOrmYFhTkT8g8NSIjZ2NDc9QQpzCWTENZvPEVcPQIkTyMLQTevS6FCrtLKsykx27WPOcevmRdxeuQfQV464uwonK6LJgiempvxiHsDkj9QdzNAEI7i2XQcH1FhKFJGbqBcYiKdrkS'),
(359, 145, '11630406002lfyhyfrv2cmirsahwyf4dq1pmsuxu1q2undpfveyjlcoy9tcbou88obf7iemxu27rw0rzexuc4yk2m2x79qyboumjp7yimk4mvv5.jpg', 'medium', 'jpg', '500x500', '500X500', '3xcVppgDOjFqCvYZYOmkjD70zEbfSFEqxum9TvLtLZrpEhm6RzgdlhZeumaqb67sOrmYFhTkT8g8NSIjZ2NDc9QQpzCWTENZvPEVcPQIkTyMLQTevS6FCrtLKsykx27WPOcevmRdxeuQfQV464uwonK6LJgiempvxiHsDkj9QdzNAEI7i2XQcH1FhKFJGbqBcYiKdrkS'),
(360, 145, '11630406002wu1hxdokyntryczelpkbzl0ccgdzk5wjq3dpmwkcsl7xfe3efguc1tk4mqtw2qeepnvpxwvqusmbquqftzwye2lnseyk5pfjb6hr.jpg', 'small', 'jpg', '300x300', '300X300', '3xcVppgDOjFqCvYZYOmkjD70zEbfSFEqxum9TvLtLZrpEhm6RzgdlhZeumaqb67sOrmYFhTkT8g8NSIjZ2NDc9QQpzCWTENZvPEVcPQIkTyMLQTevS6FCrtLKsykx27WPOcevmRdxeuQfQV464uwonK6LJgiempvxiHsDkj9QdzNAEI7i2XQcH1FhKFJGbqBcYiKdrkS'),
(361, 146, '11630406005gppmlpqbn64r4zxook0w6vjupwqpthwbf38tnedr8tewbkyfxznvopvs0cv2oyq4irzvsp2gfoez7zlhvtogmayfcoyqjnmgzurn.jpg', 'large', 'jpg', '1200x1800', '123.7kB', 'QlhIgWl2zgoSSky6yjByQlQTLLxnVIMyG995UV4oaPMqEGIVTWkZejPSjJPOwfmYOKAphyBWPadIf51T1MaYlSnnTmxzsxIR8hFJTMnUXAYhW41qCofoRQCZKyXObvEhwx5YYgU5upbwGy4UvDlM76RYvOykJF6PO4KUh0EYE5SqGfXkEESqXcE52jg8ceeYSFQF6yrx'),
(362, 146, '11630406005rgi8d3kiazod0kxwrqkgyg9hcow7thzrwc5fzpiermto5kok4lvheq1pjkcyvrrpaiihsvlpx4elm3lcerwuzpzjlyal7dzklov8.jpg', 'medium', 'jpg', '500x500', '500X500', 'QlhIgWl2zgoSSky6yjByQlQTLLxnVIMyG995UV4oaPMqEGIVTWkZejPSjJPOwfmYOKAphyBWPadIf51T1MaYlSnnTmxzsxIR8hFJTMnUXAYhW41qCofoRQCZKyXObvEhwx5YYgU5upbwGy4UvDlM76RYvOykJF6PO4KUh0EYE5SqGfXkEESqXcE52jg8ceeYSFQF6yrx'),
(363, 146, '11630406005oqafulacwynim0bh0qreugzayuky57cosadgji9olqjtmhqsh5sxhkkosyzeco4zewirzg1hcqybwmx3byecnj3twxmaxrxsrfkw.jpg', 'small', 'jpg', '300x300', '300X300', 'QlhIgWl2zgoSSky6yjByQlQTLLxnVIMyG995UV4oaPMqEGIVTWkZejPSjJPOwfmYOKAphyBWPadIf51T1MaYlSnnTmxzsxIR8hFJTMnUXAYhW41qCofoRQCZKyXObvEhwx5YYgU5upbwGy4UvDlM76RYvOykJF6PO4KUh0EYE5SqGfXkEESqXcE52jg8ceeYSFQF6yrx'),
(364, 147, '11630406008kmwobjcqjvlv2ymipmdg9yojrtj2ntbtg9oa7t4dbhereaplh2pkyn6qxk9akb2dwfo75xl3vetvgabtutbaaau96lbbwzadkdo6.jpg', 'large', 'jpg', '1200x1800', '109kB', 'CInW3jW14ztlvvAYjw30u2K0GoSK9MBerm3v5m9uRTyoxFbkpLsPpoxzaGQ3vqj4HAZl8NxG30hzmgJw2FfDvm4p1gBX2vV4hpuzqBqyEWmglsZu0jONveNMKEgP80UgEpPw4dEpLkHBkBs2gBLtP1LeeImUIlpyYdrdRwq5Vxw7MDRoWH9L71ymKqEdLhkcapVM32wt'),
(365, 147, '11630406008ok31w76avl2utjk7vmfogdpiidvvu5uqgp44kv67nue3u5nexmdlutcmmchhsp0rtfo579kccshwmczmjqewpzctbjrgdzkjiaoz.jpg', 'medium', 'jpg', '500x500', '500X500', 'CInW3jW14ztlvvAYjw30u2K0GoSK9MBerm3v5m9uRTyoxFbkpLsPpoxzaGQ3vqj4HAZl8NxG30hzmgJw2FfDvm4p1gBX2vV4hpuzqBqyEWmglsZu0jONveNMKEgP80UgEpPw4dEpLkHBkBs2gBLtP1LeeImUIlpyYdrdRwq5Vxw7MDRoWH9L71ymKqEdLhkcapVM32wt'),
(366, 147, '11630406008hatecxi0fe2xpcym3kbfymftt6wmafntf8xpglhv73vamskejz0piseaemhadtnpyfndpwggthtbwccuyw9klt0dtvxkifihrcrq.jpg', 'small', 'jpg', '300x300', '300X300', 'CInW3jW14ztlvvAYjw30u2K0GoSK9MBerm3v5m9uRTyoxFbkpLsPpoxzaGQ3vqj4HAZl8NxG30hzmgJw2FfDvm4p1gBX2vV4hpuzqBqyEWmglsZu0jONveNMKEgP80UgEpPw4dEpLkHBkBs2gBLtP1LeeImUIlpyYdrdRwq5Vxw7MDRoWH9L71ymKqEdLhkcapVM32wt'),
(367, 148, '11630406164ohdkso7rfguurxzeatysc5w7auce7utohovusgs9ydqanwax59t28kjwwa01vridypanf9ch2lwgtvk2qu8vyyoow4dtpdsjfiwj.jpg', 'large', 'jpg', '1200x2088', '136kB', '6X3oXk4JjvqtI0NdIiCHtKjDawJBemDCvdnkWwI6Qr8hX9ydp6J4v4ODUbvoXqdjulVYr971Lvr2bLf3Mbvrrg2WPlbuAbkyMNetnXQCaUwYqNcSOvNspWaozsadOW2oCZE9Oi9o8DZ2kBALahMUZRXXwGRxNy1AWNq8DwOLUWsE2eBn4BmCtTRXNOD8u3Ju3tuPWDf0'),
(368, 148, '11630406164pq9sc5sak3aspy9hhgfodwxlem8ujl1uokvy26yllas3sne9rygeryxppjy44y8jfpxoqt8ohtegfuqa9yd1rrxuk4qsq7wcqrhk.jpg', 'medium', 'jpg', '500x500', '500X500', '6X3oXk4JjvqtI0NdIiCHtKjDawJBemDCvdnkWwI6Qr8hX9ydp6J4v4ODUbvoXqdjulVYr971Lvr2bLf3Mbvrrg2WPlbuAbkyMNetnXQCaUwYqNcSOvNspWaozsadOW2oCZE9Oi9o8DZ2kBALahMUZRXXwGRxNy1AWNq8DwOLUWsE2eBn4BmCtTRXNOD8u3Ju3tuPWDf0'),
(369, 148, '116304061647inr4r4kbtoh48nh2afpr2w4fmqxra9kc2nukdbsm8x2t8qadkbikcejji8wzdjb7mkbj474blmtaqyg0htj6rgwousgyxnsbbhs.jpg', 'small', 'jpg', '300x300', '300X300', '6X3oXk4JjvqtI0NdIiCHtKjDawJBemDCvdnkWwI6Qr8hX9ydp6J4v4ODUbvoXqdjulVYr971Lvr2bLf3Mbvrrg2WPlbuAbkyMNetnXQCaUwYqNcSOvNspWaozsadOW2oCZE9Oi9o8DZ2kBALahMUZRXXwGRxNy1AWNq8DwOLUWsE2eBn4BmCtTRXNOD8u3Ju3tuPWDf0'),
(370, 149, '11630406167skbhwq8fjth0vbs9psmxwijzisdsgycf0q9wtrnemszwjxyr9jxdzprfytkmdrlv3vst1lsdlzdve4ii0ri4b2qyc7zzxfc6rwwl.jpg', 'large', 'jpg', '1200x1615', '86kB', 'B6A7xsO3IWt3WwjSiK2nHAgYMwoi0OKA0y6DpsWBcXOhN4arjQgTvtCVJWzARS3MhY4wSttywfAFroLmu8I9K1XIT4jBMrkk1sSbkbJVNBxvpkuDAP0udF468uEQPM7GWEahvv2LrXAmhf8QLWLXXJhzPt4XYBCOZooISUMTNlZe9TucNRMNcUdTSfntIXq8Te196kre'),
(371, 149, '11630406167z9li7lc9utwvmin9te9dcftnoc3tm6tgj5hhccb6opir8wrpljchv6deohijjjtavoy3cwi0p2ehgr2ukhwbjjb5fmgqjnzrusnw.jpg', 'medium', 'jpg', '500x500', '500X500', 'B6A7xsO3IWt3WwjSiK2nHAgYMwoi0OKA0y6DpsWBcXOhN4arjQgTvtCVJWzARS3MhY4wSttywfAFroLmu8I9K1XIT4jBMrkk1sSbkbJVNBxvpkuDAP0udF468uEQPM7GWEahvv2LrXAmhf8QLWLXXJhzPt4XYBCOZooISUMTNlZe9TucNRMNcUdTSfntIXq8Te196kre'),
(372, 149, '11630406167zqocvazimg1z8ivzkhacpmxv80jeg0glc36tjqzrq0v6povfpfqfvkabwe5mbjzgznjjjkdi7iayakaiomsxdxshjjoldx7n7lr5.jpg', 'small', 'jpg', '300x300', '300X300', 'B6A7xsO3IWt3WwjSiK2nHAgYMwoi0OKA0y6DpsWBcXOhN4arjQgTvtCVJWzARS3MhY4wSttywfAFroLmu8I9K1XIT4jBMrkk1sSbkbJVNBxvpkuDAP0udF468uEQPM7GWEahvv2LrXAmhf8QLWLXXJhzPt4XYBCOZooISUMTNlZe9TucNRMNcUdTSfntIXq8Te196kre'),
(373, 150, '11630406171bz24dmrgnq4sxgjlhbrixlrfa4wiec4asgfiyxvxyyxrsnjrcbqgzkwrefpiqfdzd14vpobey2bqg34noqutlcr8odxfzuddcnup.jpg', 'large', 'jpg', '1200x1600', '108.6kB', 'cvG7GJfbuDwcCHR3GPtviST5Sbz3lT1xm1zaVE4CYvgLB0TgwPxQU8MyPdJWooePPlg8K3JIBUAUUFQMkM5SFNuXkxkNwgWLSY5op09uNNejuhOZmSOceJWB8JVcb9GWrNueJzvyx34xYchDX5dUxl93PcQUsIJAiYVgj2TN4nD83Qx9KrOJWmviESAQjgwQFMLXizyh'),
(374, 150, '116304061713b5gcbjlodh1dovv4zfuttpauubdwctmnxlbi4wbv92cqcjxqdg09wosp3oavykwdyeuroaumgtrvowwv98uf9qkj4ni15bmu0n8.jpg', 'medium', 'jpg', '500x500', '500X500', 'cvG7GJfbuDwcCHR3GPtviST5Sbz3lT1xm1zaVE4CYvgLB0TgwPxQU8MyPdJWooePPlg8K3JIBUAUUFQMkM5SFNuXkxkNwgWLSY5op09uNNejuhOZmSOceJWB8JVcb9GWrNueJzvyx34xYchDX5dUxl93PcQUsIJAiYVgj2TN4nD83Qx9KrOJWmviESAQjgwQFMLXizyh'),
(375, 150, '11630406171swam621z3ia8ohpbyfe6mwlud5cqam0fn1poftkdr8o7cox7eity7yqw3urkulhajycdtnxpxcwyitrtfbahhprj9tefq9vtxd6u.jpg', 'small', 'jpg', '300x300', '300X300', 'cvG7GJfbuDwcCHR3GPtviST5Sbz3lT1xm1zaVE4CYvgLB0TgwPxQU8MyPdJWooePPlg8K3JIBUAUUFQMkM5SFNuXkxkNwgWLSY5op09uNNejuhOZmSOceJWB8JVcb9GWrNueJzvyx34xYchDX5dUxl93PcQUsIJAiYVgj2TN4nD83Qx9KrOJWmviESAQjgwQFMLXizyh'),
(376, 151, '11630406174k7yyh2uewlwytvvxf2rxsfgzqsm9tyfrswtdvzaq0lew1sttuk66ufgnecgrhuhbxoelkplvdtjc4t0asf3cft7llgkjrvaepbj8.jpg', 'large', 'jpg', '1200x1593', '80.7kB', 'MkThbQ8NS27oHa9slCpVEQe02SpOxRJY9sGOekGxCnC0K9rZLwPzJBZ4JPPJrq8S1fXTQT6BC93LYWwUUmTT1sW3I6PT3EUet55jnIpmvATxVXRQcfmlZkxCRY6iyzJidz7kCPWHQaTae0pTcrFtEUsYjfjkT0SX7YxfCGaUd5oqPKutHTD1RZRuoc4niGjsZuZANBAV'),
(377, 151, '11630406174zh2cg6nmixjmlulqeuojztplzio2zladkwnjcg4se3kdidlxhr6u6hpittrk5hzznciyxmysisuf0vraos56nkukmiedgk0vrmsm.jpg', 'medium', 'jpg', '500x500', '500X500', 'MkThbQ8NS27oHa9slCpVEQe02SpOxRJY9sGOekGxCnC0K9rZLwPzJBZ4JPPJrq8S1fXTQT6BC93LYWwUUmTT1sW3I6PT3EUet55jnIpmvATxVXRQcfmlZkxCRY6iyzJidz7kCPWHQaTae0pTcrFtEUsYjfjkT0SX7YxfCGaUd5oqPKutHTD1RZRuoc4niGjsZuZANBAV'),
(378, 151, '11630406174luwriroltxb65gykylzthuecvzhio9s9j6nbpzthlg0qod7u0higkign4wdfpbx4vksst8gjypbuhuqzwzkserkoprnbxtxlpvdl.jpg', 'small', 'jpg', '300x300', '300X300', 'MkThbQ8NS27oHa9slCpVEQe02SpOxRJY9sGOekGxCnC0K9rZLwPzJBZ4JPPJrq8S1fXTQT6BC93LYWwUUmTT1sW3I6PT3EUet55jnIpmvATxVXRQcfmlZkxCRY6iyzJidz7kCPWHQaTae0pTcrFtEUsYjfjkT0SX7YxfCGaUd5oqPKutHTD1RZRuoc4niGjsZuZANBAV'),
(379, 152, '116304062551ixdwhjk7rgvllkt5cb9olnprbitcwdkc0snpf9qq9wrgr6bgkwwhe37kr9rkoiw38sly3cyzz40is8ike8fa8y9igh3ro7ur47z.jpg', 'large', 'jpg', '300x362', '11.1kB', 'qYHZtmb0dGd32fFERft5saxeqwwRFgCVNZ81oS3q9pjLYdHNth744KpOaihwzwwG2P4QqZ36fOxRdhPnfiWAPdwnBgcTAyQVVla2qb0jtGQctFD60N9XMv8dR3QRZ80qnoFpTxv31ZUmWN3Gz35AixuPHjPnWegtlbCD3x2DSFaSKV3O4wkVw7HejvGiYs5yZvvcN4tc'),
(380, 152, '11630406255fvpuknsbymouiixja8elhe11wujt6emgtaqifrr61rtyfdtyoz6u5bsus7bgs6gpgqcyywnwvv2pb73u3c00scelq3kcpt3abgrg.jpg', 'medium', 'jpg', '500x500', '500X500', 'qYHZtmb0dGd32fFERft5saxeqwwRFgCVNZ81oS3q9pjLYdHNth744KpOaihwzwwG2P4QqZ36fOxRdhPnfiWAPdwnBgcTAyQVVla2qb0jtGQctFD60N9XMv8dR3QRZ80qnoFpTxv31ZUmWN3Gz35AixuPHjPnWegtlbCD3x2DSFaSKV3O4wkVw7HejvGiYs5yZvvcN4tc'),
(381, 152, '11630406255cepzx2y6ckrtherbxc1d0xe6o7mb78gpzkclny0lj0mhap9xoqoevpa60zxnmexnio5uygihrkbcou4ccoab44htkle7xqbqbbup.jpg', 'small', 'jpg', '300x300', '300X300', 'qYHZtmb0dGd32fFERft5saxeqwwRFgCVNZ81oS3q9pjLYdHNth744KpOaihwzwwG2P4QqZ36fOxRdhPnfiWAPdwnBgcTAyQVVla2qb0jtGQctFD60N9XMv8dR3QRZ80qnoFpTxv31ZUmWN3Gz35AixuPHjPnWegtlbCD3x2DSFaSKV3O4wkVw7HejvGiYs5yZvvcN4tc'),
(382, 153, '11630406791otrzhxzutdj12qpgzjmearqh0yrzfmndlac8llqexsu6luv2x9zpwrcppm33t03b54h2wx2bazqadceblfzttwm0c3kzbbasyxoa.jpg', 'large', 'jpg', '300x400', '15.1kB', '1Fq5FyecBzt4ZdzzZuAXHbVLI0eXKW8QAbBxIQwlAVQGUntlQZcCCov9D2Kt5v4TxgK6albk7WGLQHsZ56z0FozvdCzqnahxCjj2LCAETYevOk03MD0fbfRvshVOHDFYuLTxyEJTNPKLPhU0oqvlcgZUMMeamjvPwtsIhm7VYRwvkeACl03ce9PWMNAc4hxCSPH2WlsX'),
(383, 153, '11630406791tucgyqpprpyhvsazfrydpucatwveqhvjdn6suhev1en6jlk8critndwumsxc749fjqtl62psxyworfb8kyq7sktxzopggqj2l8bn.jpg', 'medium', 'jpg', '500x500', '500X500', '1Fq5FyecBzt4ZdzzZuAXHbVLI0eXKW8QAbBxIQwlAVQGUntlQZcCCov9D2Kt5v4TxgK6albk7WGLQHsZ56z0FozvdCzqnahxCjj2LCAETYevOk03MD0fbfRvshVOHDFYuLTxyEJTNPKLPhU0oqvlcgZUMMeamjvPwtsIhm7VYRwvkeACl03ce9PWMNAc4hxCSPH2WlsX'),
(384, 153, '11630406791thppabwnjzcomtghjm9zn7mcrpy0hxgz6dgaw6zfgixjxbpjtjcjmfemwd6avzwyhe23dxlthfy5b86plx2il5mdu40buorta3nz.jpg', 'small', 'jpg', '300x300', '300X300', '1Fq5FyecBzt4ZdzzZuAXHbVLI0eXKW8QAbBxIQwlAVQGUntlQZcCCov9D2Kt5v4TxgK6albk7WGLQHsZ56z0FozvdCzqnahxCjj2LCAETYevOk03MD0fbfRvshVOHDFYuLTxyEJTNPKLPhU0oqvlcgZUMMeamjvPwtsIhm7VYRwvkeACl03ce9PWMNAc4hxCSPH2WlsX'),
(385, 154, '11630406893hy6clylqt3ak50wvjybwyegjb7pfrv5mhol0yktdxcjjnequwwozqublet67wldbjabelso0hpguulviuw6rwbzswb3xwlovq5ol.jpg', 'large', 'jpg', '300x400', '15.1kB', 'MJ07a50skdU7Q1u3C6tyvkY9ELQMoqZEddOLKUqhAefLH6HiSMvmb4Gm57OiBKNYTH3gyLSbApay1mzhzZPZFrQWbt793aA7vqLGIlmsvIkO0cPDgwNX3Ha3LlpamoNai9rH5kCfmZt7PgsuM3A1CihtrpXxBHv7eTqf30O58SLkfl0ikq4YfaCu844QC2h316cogesw'),
(386, 154, '11630406893s8xectb7gwlpjaaug5jgxhvpcnfi5l94tdw9hnokknumxoh65jqfbq8jqfwdyr5mq1bar17typmxdzk6rkjkgkqqrejzivmezaxl.jpg', 'medium', 'jpg', '500x500', '500X500', 'MJ07a50skdU7Q1u3C6tyvkY9ELQMoqZEddOLKUqhAefLH6HiSMvmb4Gm57OiBKNYTH3gyLSbApay1mzhzZPZFrQWbt793aA7vqLGIlmsvIkO0cPDgwNX3Ha3LlpamoNai9rH5kCfmZt7PgsuM3A1CihtrpXxBHv7eTqf30O58SLkfl0ikq4YfaCu844QC2h316cogesw'),
(387, 154, '116304068933ovqz0nlewyfwkryrcsdtinbyg1cg1acbxqq8c24psspdfdyniicq8no0r2owqo3ksnihz06l2y0p5cahdmoitrr3c8ixxvd0w5r.jpg', 'small', 'jpg', '300x300', '300X300', 'MJ07a50skdU7Q1u3C6tyvkY9ELQMoqZEddOLKUqhAefLH6HiSMvmb4Gm57OiBKNYTH3gyLSbApay1mzhzZPZFrQWbt793aA7vqLGIlmsvIkO0cPDgwNX3Ha3LlpamoNai9rH5kCfmZt7PgsuM3A1CihtrpXxBHv7eTqf30O58SLkfl0ikq4YfaCu844QC2h316cogesw'),
(388, 155, '11630406937wxix8n4g2k7s6am0kmigb8casmkus2mve0lmh6tpg4eihvlygozl6khhbult1cj0h9stgbnsrkknmcuvyhmpjnwxmwpiy1bblfih.jpg', 'large', 'jpg', '300x398', '10.7kB', 'JqiVF6DSPaB5NmOSBfWQ6WWZXlXT30yxvUei3QrMRgafJFAkrRp23fDIs607bEzJ9DWUaeNQqFa9iodxE6oQ9QMsg3MzM99XvtrsnDjZjC9Ga2T8wBQ0vPTLPSGH2Lf8cTdWyup8O3I3hy2h3xtaeM1dLHesTWJZoUajHe4KZLw8InSyFMYdJu07MLq24TUdOfYOrQDE'),
(389, 155, '11630406937dlockfuqxe2msaazhvy6kffkahzls1amc6r3avpo7gc3ddhlshax6xmrph9qkgikkjc5ynaglqvsl4jsnpgrz4f8q9l0qwl1sdbs.jpg', 'medium', 'jpg', '500x500', '500X500', 'JqiVF6DSPaB5NmOSBfWQ6WWZXlXT30yxvUei3QrMRgafJFAkrRp23fDIs607bEzJ9DWUaeNQqFa9iodxE6oQ9QMsg3MzM99XvtrsnDjZjC9Ga2T8wBQ0vPTLPSGH2Lf8cTdWyup8O3I3hy2h3xtaeM1dLHesTWJZoUajHe4KZLw8InSyFMYdJu07MLq24TUdOfYOrQDE'),
(390, 155, '11630406937rzyp3fgsfldcohhnddyf2wmjxytoenmbyxipipv2lyf1ythiznt9ttbhsh3wyiacjcecrspy9xk6elaep3iueiq2z5f0ssemzhg4.jpg', 'small', 'jpg', '300x300', '300X300', 'JqiVF6DSPaB5NmOSBfWQ6WWZXlXT30yxvUei3QrMRgafJFAkrRp23fDIs607bEzJ9DWUaeNQqFa9iodxE6oQ9QMsg3MzM99XvtrsnDjZjC9Ga2T8wBQ0vPTLPSGH2Lf8cTdWyup8O3I3hy2h3xtaeM1dLHesTWJZoUajHe4KZLw8InSyFMYdJu07MLq24TUdOfYOrQDE'),
(391, 156, '11630407735rskxualnr2c9uqsy1q3blcmf9meu5iy18wi0zfmi3dzexhi0mypiyqwq5ubvft44fwhg4e45gwccso6ph2dv7qow6pwmxigo8jvo.jpg', 'large', 'jpg', '1200x1600', '108.6kB', 'sMnwQH8IyUpluhKDRmDFa5UIBBQBDpMrHuNW0ylBb6AbsLmDH5lqpklazmkFQDicAEXo1IrnXCros5bIukVmTS0QYkzr2nVZQuBiThRidfiwtSlt62D7AhOVtkMTwGWGFTcSGPjAx6qDFoIyJxrcORDdr4CSwmnnCZ7gjTNon4U2EIVXsWacTzwYEgC7uQjPQv8T7uCz'),
(392, 156, '11630407735r3t36mrfrnu5ctoyjfjvlp4zmphnnn36ndtgatvonckoqskmzfadobxvs9cbfqyd8bdyfoi5xuiz5nrpql2pm02wqmupbz6tqdne.jpg', 'medium', 'jpg', '500x500', '500X500', 'sMnwQH8IyUpluhKDRmDFa5UIBBQBDpMrHuNW0ylBb6AbsLmDH5lqpklazmkFQDicAEXo1IrnXCros5bIukVmTS0QYkzr2nVZQuBiThRidfiwtSlt62D7AhOVtkMTwGWGFTcSGPjAx6qDFoIyJxrcORDdr4CSwmnnCZ7gjTNon4U2EIVXsWacTzwYEgC7uQjPQv8T7uCz'),
(393, 156, '11630407735pap7u7ptvvcc9spmmwwsiin1fle0ucjk3to9tmirxlljcgaiu87rprb2eyydqfhtu0gjvj8ahiamqqbmiij6zjstouksywgrga4t.jpg', 'small', 'jpg', '300x300', '300X300', 'sMnwQH8IyUpluhKDRmDFa5UIBBQBDpMrHuNW0ylBb6AbsLmDH5lqpklazmkFQDicAEXo1IrnXCros5bIukVmTS0QYkzr2nVZQuBiThRidfiwtSlt62D7AhOVtkMTwGWGFTcSGPjAx6qDFoIyJxrcORDdr4CSwmnnCZ7gjTNon4U2EIVXsWacTzwYEgC7uQjPQv8T7uCz'),
(394, 157, '11630408039a3vrgbnqwxoprsw2sbvhqvftgo2hym88wk7qtk4qcnjuyindugplo4btasrfz8gc67gi1v8irsrc6tryfajxplobdqi8vnt5eeld.jpg', 'large', 'jpg', '1200x800', '61.9kB', 'lrm8JxXZelh8KDPPmoQ1YWtZUn5R6DgCt8CbSWTzu1JLaiaOaUNUnXGpuMksZBlJZB5bgF0qhRvMDSe6MjRbtNAVo7pk6N1TwPWSWAssLEH4ftS5NJOYGfpV1wxbJ6y5fOBCm7N4UF6gtoZtaXmZVdU5JwIE8pUWG4tTW7iBAiNbtdNg5DZ1ASN4hKx2llYlsl34Ucmi'),
(395, 157, '11630408039pyx8ri2pl875bkxkay9h1zngshjdkywe8ebhkkqfdukj13bjf2wmyi8qzlevbi5ydt81uhluczgxfprtmyxopsdyot0o49ji3hok.jpg', 'medium', 'jpg', '500x500', '500X500', 'lrm8JxXZelh8KDPPmoQ1YWtZUn5R6DgCt8CbSWTzu1JLaiaOaUNUnXGpuMksZBlJZB5bgF0qhRvMDSe6MjRbtNAVo7pk6N1TwPWSWAssLEH4ftS5NJOYGfpV1wxbJ6y5fOBCm7N4UF6gtoZtaXmZVdU5JwIE8pUWG4tTW7iBAiNbtdNg5DZ1ASN4hKx2llYlsl34Ucmi'),
(396, 157, '11630408039wgul2qgwonhw3zw2elnpympepzzzne3ifvgcgaohtfc6iipmibwntdn2rbtq58umulzckjtfpiyxqqcgiazsg9vwgykc3dgwx5la.jpg', 'small', 'jpg', '300x300', '300X300', 'lrm8JxXZelh8KDPPmoQ1YWtZUn5R6DgCt8CbSWTzu1JLaiaOaUNUnXGpuMksZBlJZB5bgF0qhRvMDSe6MjRbtNAVo7pk6N1TwPWSWAssLEH4ftS5NJOYGfpV1wxbJ6y5fOBCm7N4UF6gtoZtaXmZVdU5JwIE8pUWG4tTW7iBAiNbtdNg5DZ1ASN4hKx2llYlsl34Ucmi'),
(397, 158, '116304082046wlthu1vnzvmffjdf4i79mvfsacybdtqgzdn896ons4m3pcf7psknnbycr9kxrz3vdqzadgyvnxssw2bqusmlkwq1gyytrn04sb2.jpg', 'large', 'jpg', '1200x800', '79.5kB', '39LHht8WW5QExh6Ma0mGDflchc4ynl3YifI8cMitRX9EDEVyF7oTY335BCEBJpMVy8Hx20WPhh2oa591rZjULBFf58cZIqomqNcf3pGktjD05pi3OtSX2g4XnvLTEVP95IHqqPJAWKhkEl5uNezLL07v8EQJR9vH8TlvOMev1kskmkSb8quhw0YoPhrM8HrKx50u5wwI'),
(398, 158, '11630408204h0jzney9xfea6ozc1qcyvfv3nvhabs98zlh5skjpwj24ifraytqsyoiwvuo7uhtvn1yuw62ooqq4kesamesgojts5p4cla3lb6re.jpg', 'medium', 'jpg', '500x500', '500X500', '39LHht8WW5QExh6Ma0mGDflchc4ynl3YifI8cMitRX9EDEVyF7oTY335BCEBJpMVy8Hx20WPhh2oa591rZjULBFf58cZIqomqNcf3pGktjD05pi3OtSX2g4XnvLTEVP95IHqqPJAWKhkEl5uNezLL07v8EQJR9vH8TlvOMev1kskmkSb8quhw0YoPhrM8HrKx50u5wwI'),
(399, 158, '11630408204ftsadpblsc8xlsevjfgwlzoyi1yjpd3rtbecywnaivjrarzjmvtuql7d3c84ebxxce0dcybostququlwaul12ahgqrp1jnmjw7kh.jpg', 'small', 'jpg', '300x300', '300X300', '39LHht8WW5QExh6Ma0mGDflchc4ynl3YifI8cMitRX9EDEVyF7oTY335BCEBJpMVy8Hx20WPhh2oa591rZjULBFf58cZIqomqNcf3pGktjD05pi3OtSX2g4XnvLTEVP95IHqqPJAWKhkEl5uNezLL07v8EQJR9vH8TlvOMev1kskmkSb8quhw0YoPhrM8HrKx50u5wwI'),
(400, 159, '116304082067tqynz51ubegmrvbpgubdmx0mz31ayhsdlqtfa9v1kz3vykyk9syf2sxspi3fqm2sb85ecxv3l8i7ukpmvjtqhkcrckv4xiqfbnt.jpg', 'large', 'jpg', '1200x800', '61.9kB', 'b7G6bGTayPZueWgauZQn7ODgllIP5NWK4mHmYakUgI0lEuVjzOxhGDaSRiBKBjcC0oRaEGGKUVBs8E3iJHZIWT4n4u2FUIabcPkP1Ta2vptmKXPI42djP5o3BgsOBDkRuV3uYN79gPNsUAd6BEKhoziybx30vVi2bvdOplIb3xIVfU3uNFY8TFCAPSJWlyvDRhmezCCi'),
(401, 159, '11630408206q4zwr7ymprfsjt6j437vupdosjkdy5jnlb3nldrzssf1ct5wrqzinypi8hg79tbf2xfsxvggv258i5alk2ueiqf1yezm3waod9fc.jpg', 'medium', 'jpg', '500x500', '500X500', 'b7G6bGTayPZueWgauZQn7ODgllIP5NWK4mHmYakUgI0lEuVjzOxhGDaSRiBKBjcC0oRaEGGKUVBs8E3iJHZIWT4n4u2FUIabcPkP1Ta2vptmKXPI42djP5o3BgsOBDkRuV3uYN79gPNsUAd6BEKhoziybx30vVi2bvdOplIb3xIVfU3uNFY8TFCAPSJWlyvDRhmezCCi'),
(402, 159, '11630408206xoqdlcm9saojwaytcupyimtedeoumqikgucgszcqvbvowshtqhdjbg3o1yamc0aqkdutuivi0yt0rxzuxrd9meibyrkbczbsrmdx.jpg', 'small', 'jpg', '300x300', '300X300', 'b7G6bGTayPZueWgauZQn7ODgllIP5NWK4mHmYakUgI0lEuVjzOxhGDaSRiBKBjcC0oRaEGGKUVBs8E3iJHZIWT4n4u2FUIabcPkP1Ta2vptmKXPI42djP5o3BgsOBDkRuV3uYN79gPNsUAd6BEKhoziybx30vVi2bvdOplIb3xIVfU3uNFY8TFCAPSJWlyvDRhmezCCi'),
(403, 160, '11630408209xxin0ujdzczkhzzawn9iqzwehkmgugn7byhhjqogkf8c9n851vvwfsi6tfefmmuxcu5zxs8ajfwbyi41k85q9pmhmkbjypx7cpmb.jpg', 'large', 'jpg', '1200x1800', '123.7kB', '4n0IIRnYfBmf31ZPb3JBDs0dmGb5JXsAEV8GBcbd4wrrOLeAbm5xZBvnjwHHh8JTqvQ1SWISJEVuJwrO5V3gLa0PeErE5PQzFjyd07JbSfsp1ma97m1sZ3HM5HAQAsryT2sGojFl6qtgho952MwNwgA1PlaaraSWTWo8aqaKvEgel63xlKyhmlcaJvJf9fnvx34pdx0t'),
(404, 160, '11630408209fxsrwuxg8wawgyel0gpvaervmoujkdklus37nuz8671u1ycqosiupdmsydg4dpsex3itfpeh5byoawkwf0fbvfiolnibw9zr2qrv.jpg', 'medium', 'jpg', '500x500', '500X500', '4n0IIRnYfBmf31ZPb3JBDs0dmGb5JXsAEV8GBcbd4wrrOLeAbm5xZBvnjwHHh8JTqvQ1SWISJEVuJwrO5V3gLa0PeErE5PQzFjyd07JbSfsp1ma97m1sZ3HM5HAQAsryT2sGojFl6qtgho952MwNwgA1PlaaraSWTWo8aqaKvEgel63xlKyhmlcaJvJf9fnvx34pdx0t'),
(405, 160, '11630408209bosfesgphdcuozfavtr2ri5eeyhk15ogrdvj8tnkpoyupff6tfwdw2izvmsza2zblmjdecmfqp58ibgflz000j6fpg8bepzhdxzh.jpg', 'small', 'jpg', '300x300', '300X300', '4n0IIRnYfBmf31ZPb3JBDs0dmGb5JXsAEV8GBcbd4wrrOLeAbm5xZBvnjwHHh8JTqvQ1SWISJEVuJwrO5V3gLa0PeErE5PQzFjyd07JbSfsp1ma97m1sZ3HM5HAQAsryT2sGojFl6qtgho952MwNwgA1PlaaraSWTWo8aqaKvEgel63xlKyhmlcaJvJf9fnvx34pdx0t'),
(406, 161, '11630408212rm4ivud0uisdigx9cndutqxxkzfwnttyeyqwubbiatxeydqxx1vz1hinnasv8a0bbvktmnji3ld3ywzedy5vwonflz1xwndskp7d.jpg', 'large', 'jpg', '1200x1800', '109kB', 'XSm0UZeDyMdr9bNxn7sHgcMI7z2srbbPRJ8pWYFnrnYKwi856D1v5DQfc9RTAYrSO87t7G3Hmck30Pv9X35lmhA4KmzcjOQQwsl4H1iC93B3qaBotnUZTYN3zFfXV6aSG5TXvIxvJF8RJ3Bg5aGG0h2VbLpjiQKHd53Z1cwoRBmbjMvNozrsaJ34LuYCIA9W8SbOx6FY'),
(407, 161, '116304082124vo3sg68x6dh4aljfv7ln7muxqmkxnwf7t5kkoqbfnztwicfkeewnx3xn0kzeqxdjzmagv73mrefiixfsvtwquruq0ghwlsfyacl.jpg', 'medium', 'jpg', '500x500', '500X500', 'XSm0UZeDyMdr9bNxn7sHgcMI7z2srbbPRJ8pWYFnrnYKwi856D1v5DQfc9RTAYrSO87t7G3Hmck30Pv9X35lmhA4KmzcjOQQwsl4H1iC93B3qaBotnUZTYN3zFfXV6aSG5TXvIxvJF8RJ3Bg5aGG0h2VbLpjiQKHd53Z1cwoRBmbjMvNozrsaJ34LuYCIA9W8SbOx6FY'),
(408, 161, '11630408212fdhqrtqm4oparwp7m7h95euxx5vrho2zs0rhvouemmrk5garsvnynl0qinfbvqlul2cojlftep3dvewylk4cakpr9vznybvfdo2j.jpg', 'small', 'jpg', '300x300', '300X300', 'XSm0UZeDyMdr9bNxn7sHgcMI7z2srbbPRJ8pWYFnrnYKwi856D1v5DQfc9RTAYrSO87t7G3Hmck30Pv9X35lmhA4KmzcjOQQwsl4H1iC93B3qaBotnUZTYN3zFfXV6aSG5TXvIxvJF8RJ3Bg5aGG0h2VbLpjiQKHd53Z1cwoRBmbjMvNozrsaJ34LuYCIA9W8SbOx6FY'),
(409, 162, '11630408223zuelhewmjap9xndzsmmja1kcmfeqfqp2nlfox7sxpfi0gzrttb1peemxin0ddanslhjl9v44eykgi6x3yafio44oxxsveoyuhs7n.jpg', 'large', 'jpg', '1200x1800', '177.7kB', 'nFfv0GfuFJZ6hBgyRfvt1pI25ny3bzvFaPYinevDapv1y0EkkKfEl8zb4bhlTqiL3EqPrUN7Vdtr7b7pkhKaEyrqijYiVpbOPZD55YygxOTCxMCxf7EnGfGe8SisO8bDKctruPYnis5KyD96KO0PLINZSkXLYBtvy1RVBArPztqm6J1FOXNNedZRweiwqLKaVkreJNc9'),
(410, 162, '11630408223iegwshppjngxjnxtj3yop8m9ib1rarmi1kzvuaf3au937vnpudfriyjksboapppunq4ewrdfnntbmto7x4vug5bbklmubglpcneh.jpg', 'medium', 'jpg', '500x500', '500X500', 'nFfv0GfuFJZ6hBgyRfvt1pI25ny3bzvFaPYinevDapv1y0EkkKfEl8zb4bhlTqiL3EqPrUN7Vdtr7b7pkhKaEyrqijYiVpbOPZD55YygxOTCxMCxf7EnGfGe8SisO8bDKctruPYnis5KyD96KO0PLINZSkXLYBtvy1RVBArPztqm6J1FOXNNedZRweiwqLKaVkreJNc9'),
(411, 162, '11630408223u7end84nvphmti0ey9oekzoelfhtqzelxwwfekqn1izwszxk3mk0mshry9cbmlbmb7p0bj1r5aiwapkisczdqwkqjfgbf13g5gkb.jpg', 'small', 'jpg', '300x300', '300X300', 'nFfv0GfuFJZ6hBgyRfvt1pI25ny3bzvFaPYinevDapv1y0EkkKfEl8zb4bhlTqiL3EqPrUN7Vdtr7b7pkhKaEyrqijYiVpbOPZD55YygxOTCxMCxf7EnGfGe8SisO8bDKctruPYnis5KyD96KO0PLINZSkXLYBtvy1RVBArPztqm6J1FOXNNedZRweiwqLKaVkreJNc9'),
(412, 163, '11630408226btjrunrxxsujhfxxveodmdfcmythbqoxdpcm4y5uglpcesdc2oa3txvnej24mdlgxewyfhgrfdywvxlx5fgmnbjczmcdzu9zjklu.jpg', 'large', 'jpg', '1200x1800', '177.7kB', '5XCCyIA29tcnZ1UEC830DsOFXYSjaRiw3wsR91qMMienQzJeCtI8Gr8PugBCTBnHbGCUlQMwERdSpHd2FzCAvajW0VwYiUhq0ti4FbdQDRp63pq1G0csOCoxougSHVTtu7ytwiIYQbfTm9qn9RjlS2T4qCbIaBXNVLi8fGoSJZUuL1UgS3MeDSKNuy1WLE4HHqkmqjjV'),
(413, 163, '11630408226lqagaoxcpge9evzmohnl5iwfct0q9dvalp2oucgozytnxknencrmtwhxwrdpttxpb6e0yhzpq06asf5j0ftwz043gwts5vpl1dvb.jpg', 'medium', 'jpg', '500x500', '500X500', '5XCCyIA29tcnZ1UEC830DsOFXYSjaRiw3wsR91qMMienQzJeCtI8Gr8PugBCTBnHbGCUlQMwERdSpHd2FzCAvajW0VwYiUhq0ti4FbdQDRp63pq1G0csOCoxougSHVTtu7ytwiIYQbfTm9qn9RjlS2T4qCbIaBXNVLi8fGoSJZUuL1UgS3MeDSKNuy1WLE4HHqkmqjjV'),
(414, 163, '11630408226wphjnt2wolwazrqspzgvfmjsxg2yjpd4hqysi6dzw0zzb8dut8u7eaeticvkpp5odtxiodoqab58ghqqfktm68qoozs3vlr8ceia.jpg', 'small', 'jpg', '300x300', '300X300', '5XCCyIA29tcnZ1UEC830DsOFXYSjaRiw3wsR91qMMienQzJeCtI8Gr8PugBCTBnHbGCUlQMwERdSpHd2FzCAvajW0VwYiUhq0ti4FbdQDRp63pq1G0csOCoxougSHVTtu7ytwiIYQbfTm9qn9RjlS2T4qCbIaBXNVLi8fGoSJZUuL1UgS3MeDSKNuy1WLE4HHqkmqjjV'),
(415, 164, '11630408229ldlkcibn4yvkob5nxw9jhvqgqdaqd1omuwv1115vxrtw75pdws7mrb5v4wmciwjbnom5yogppm8j9za6g468utj3u0iojhclstcm.jpg', 'large', 'jpg', '1200x1800', '251.3kB', 'YpWLinzicQkOuGQ2KvXl2WoOUuxagXSNpdKOTv8dEopMihPQXRrU8dXFebDln0S0uwZ2RpXdalC80gnJhMf8SaSO9fo2q02EQipVgJqJyW46xheZ13kGlJUchoiQdK4SD1BiwVGIxl2034BydxHN7E9UM3L9MikvH7TFCT6nmrYi34RO4Lo9W7OOyXOIuyoFlZCHUbIs'),
(416, 164, '11630408229tlckca5uo4akvhv4cgzbfweqrye5egap48kpxj0qzyxopge8bivhnccx995ujyfi39rvjrrfefxt8vk1mw4kkuncolygh41tet4u.jpg', 'medium', 'jpg', '500x500', '500X500', 'YpWLinzicQkOuGQ2KvXl2WoOUuxagXSNpdKOTv8dEopMihPQXRrU8dXFebDln0S0uwZ2RpXdalC80gnJhMf8SaSO9fo2q02EQipVgJqJyW46xheZ13kGlJUchoiQdK4SD1BiwVGIxl2034BydxHN7E9UM3L9MikvH7TFCT6nmrYi34RO4Lo9W7OOyXOIuyoFlZCHUbIs'),
(417, 164, '11630408229uqzfgz4zizkti6vbtopkcpxiwgvhsshhcnqc8vqts72ucbyiiy9eoy3v2g2h0wtjofmykjipoza0eejw7wcrhblgdkjvq4duiphw.jpg', 'small', 'jpg', '300x300', '300X300', 'YpWLinzicQkOuGQ2KvXl2WoOUuxagXSNpdKOTv8dEopMihPQXRrU8dXFebDln0S0uwZ2RpXdalC80gnJhMf8SaSO9fo2q02EQipVgJqJyW46xheZ13kGlJUchoiQdK4SD1BiwVGIxl2034BydxHN7E9UM3L9MikvH7TFCT6nmrYi34RO4Lo9W7OOyXOIuyoFlZCHUbIs'),
(418, 165, '11630408236yzpfeshiywegedatnhmczbwjlyct26br67lzfltw1bobeoka6vwoecbjpjmq1vds4h6nc0msrtuqnm0u7kwosqxxsrlwtlf1u6vl.jpg', 'large', 'jpg', '1200x1800', '251.3kB', 'ZxNcG82SlzPbQeN7hGvHV0Ps3OWfT0FPcpEjp9F2tZMfbpz212WnA6kg16Tf9DSeyPrxAlzeSTyrTqF6zeafrFQmZ0oAJHUlC8oHB3dJ4w8Ro8CJEdG5pd3d1tDFtAjgjsn6zb5LeM2BmF3vXllnvvW1tmeVg65EMgFirQX3WGVqfLRqrGitYK5GjMC8EOVAh4TKpxEG'),
(419, 165, '11630408236d1h56h8lzx3kmht4lahgjgfydik7t92sypskqlhw5nfoa1pfkmtogzs7l8tbopb6fk7lbxc2mpwskr6c3kovycrssi5kbazurrzo.jpg', 'medium', 'jpg', '500x500', '500X500', 'ZxNcG82SlzPbQeN7hGvHV0Ps3OWfT0FPcpEjp9F2tZMfbpz212WnA6kg16Tf9DSeyPrxAlzeSTyrTqF6zeafrFQmZ0oAJHUlC8oHB3dJ4w8Ro8CJEdG5pd3d1tDFtAjgjsn6zb5LeM2BmF3vXllnvvW1tmeVg65EMgFirQX3WGVqfLRqrGitYK5GjMC8EOVAh4TKpxEG'),
(420, 165, '116304082363tmm0pbnj2xztzre5mbbffstcvzqx35cj1yikpnlbkasattvkimznqhh2j0roscbk2lmjqqlx6esww0qporhyj67fy4vyeuppzud.jpg', 'small', 'jpg', '300x300', '300X300', 'ZxNcG82SlzPbQeN7hGvHV0Ps3OWfT0FPcpEjp9F2tZMfbpz212WnA6kg16Tf9DSeyPrxAlzeSTyrTqF6zeafrFQmZ0oAJHUlC8oHB3dJ4w8Ro8CJEdG5pd3d1tDFtAjgjsn6zb5LeM2BmF3vXllnvvW1tmeVg65EMgFirQX3WGVqfLRqrGitYK5GjMC8EOVAh4TKpxEG'),
(421, 166, '116304082440qtmnifo5zaqvbp8c0ewavxa7guthxnyk7mt1ylfhdvp0gxb2bjucrv76fy4i0iybqdirsjzcyhsnmerl9ejx4gw9oabthivwxxo.jpg', 'large', 'jpg', '1200x1600', '255.8kB', 'qPJE4qERNtbvadIW2Q3tqEh4CepBWQPwOdjHaUVF5crT9e22EN55AqHGWcfsVdNQYgg6O6n2cCyi2SMwD7viylAt7FY171dltArFBlJgQ9s6lYAvXXJMUgPgTd44gdHbjnUw7aInp3DisxF95IRCwFieFxiXgfMYMfrFxWKrjkV1WXp10CqT0lzmTwhcoyZkTpra6STj'),
(422, 166, '11630408244qijlkgs63nqzlrvivuk83k8lzt8bewmi2xrlh96hmxxhrxxt1bjtzmlcryltivw3wxmxxuho5dg3qo3v0e2xdabquwkpz6i5ggkr.jpg', 'medium', 'jpg', '500x500', '500X500', 'qPJE4qERNtbvadIW2Q3tqEh4CepBWQPwOdjHaUVF5crT9e22EN55AqHGWcfsVdNQYgg6O6n2cCyi2SMwD7viylAt7FY171dltArFBlJgQ9s6lYAvXXJMUgPgTd44gdHbjnUw7aInp3DisxF95IRCwFieFxiXgfMYMfrFxWKrjkV1WXp10CqT0lzmTwhcoyZkTpra6STj'),
(423, 166, '11630408244afq02hvve5kwohodzosyxcon07a9wy1s1kx8u01b8l1vdqzyg7kkk65ozv3mjf223fgawpaxxffmgeqo60vhp8jlndd5ynq0q59e.jpg', 'small', 'jpg', '300x300', '300X300', 'qPJE4qERNtbvadIW2Q3tqEh4CepBWQPwOdjHaUVF5crT9e22EN55AqHGWcfsVdNQYgg6O6n2cCyi2SMwD7viylAt7FY171dltArFBlJgQ9s6lYAvXXJMUgPgTd44gdHbjnUw7aInp3DisxF95IRCwFieFxiXgfMYMfrFxWKrjkV1WXp10CqT0lzmTwhcoyZkTpra6STj'),
(424, 167, '11630408247asam1xn2odktm1xttyameeiwrz3xhg65cpeetupaunn1jrcom1luaxpncfvx0abq20qxoacxasw0amluvjyvv68gw1vix5rzhmef.jpg', 'large', 'jpg', '1200x2133', '155.4kB', 'PTFdvDgN2DXs9orwzIbxWiJxUT7BMgRCJtT0B1ncnHDLgGGe4JtffQMlv2ClHPqhbCeZMCGaEtG5YRpcHhXhyAPelGCVxc63eTchHNDOuBxPn6PMlci2Vkgfpywsxi2puNex5dKuKMkZjBNR8m3wbvcltYoQS8veRhkpocqRDxOGECXlX40UpJiRiYNEfnoHRu7gylUS'),
(425, 167, '11630408247jzkksiky4vcyt5si12m2jmyz2u1ldc9qelvrlxhihzfqmfwtxu7kczepiqk5rwlczsupe7xto3d14wxhrfbwwdlwzrichtuw9xca.jpg', 'medium', 'jpg', '500x500', '500X500', 'PTFdvDgN2DXs9orwzIbxWiJxUT7BMgRCJtT0B1ncnHDLgGGe4JtffQMlv2ClHPqhbCeZMCGaEtG5YRpcHhXhyAPelGCVxc63eTchHNDOuBxPn6PMlci2Vkgfpywsxi2puNex5dKuKMkZjBNR8m3wbvcltYoQS8veRhkpocqRDxOGECXlX40UpJiRiYNEfnoHRu7gylUS'),
(426, 167, '11630408247yvkhqumqvwbn4nftv9np5vvu5z5weex7rqfa3stvbjhhwfbueggp2qllebmlu42n6gyp9ra9rp8xrzyjgntuy4tcxlwnmqrfjyij.jpg', 'small', 'jpg', '300x300', '300X300', 'PTFdvDgN2DXs9orwzIbxWiJxUT7BMgRCJtT0B1ncnHDLgGGe4JtffQMlv2ClHPqhbCeZMCGaEtG5YRpcHhXhyAPelGCVxc63eTchHNDOuBxPn6PMlci2Vkgfpywsxi2puNex5dKuKMkZjBNR8m3wbvcltYoQS8veRhkpocqRDxOGECXlX40UpJiRiYNEfnoHRu7gylUS'),
(427, 168, '11630408252vljerphq0nrxi5f9imfojvtd1maxlzfwzkifasy3oa7kwqdspkcn3l9d1h7shnflivzqktaaz07q6poj3ltxczoikawsbwf4f1ll.png', 'large', 'png', '1200x2383', '1.1MB', 'ebnvhgAXYvAPCWZWmkeSodAgystj2n6c5w1nkpXSlpOQYPA7X5jjUwA5lrokg581bLY5cbm6We5XN4Kh1rGnOuxgbPH9wdluS3lzmman0DEDodWOH8vXOujR8GXBptWCcMDx4ddHFblJ7oEnlHz7TGIwtBDStNaJI3hmem9YXvEt8DCCsw23ljTcQkgsMYo6YWZyGGML'),
(428, 168, '116304082520fuqyw58friywbwxrym9kvmgxlpdgsbkqpyfort7cqvyd6qgttgkffqwxnixrhg8tvlc7xzaybyyzamrwf7srne8waofwbk9ljf8.png', 'medium', 'png', '500x500', '500X500', 'ebnvhgAXYvAPCWZWmkeSodAgystj2n6c5w1nkpXSlpOQYPA7X5jjUwA5lrokg581bLY5cbm6We5XN4Kh1rGnOuxgbPH9wdluS3lzmman0DEDodWOH8vXOujR8GXBptWCcMDx4ddHFblJ7oEnlHz7TGIwtBDStNaJI3hmem9YXvEt8DCCsw23ljTcQkgsMYo6YWZyGGML'),
(429, 168, '11630408252pckz0wg9ywaj8lq3bwpcljh5o3ckufw5jeb6iuqirgj24h3jqby2tj5zm27gmc4nnvghu3isd1imz1ppmf3hkozpg2y03s2ubpfn.png', 'small', 'png', '300x300', '300X300', 'ebnvhgAXYvAPCWZWmkeSodAgystj2n6c5w1nkpXSlpOQYPA7X5jjUwA5lrokg581bLY5cbm6We5XN4Kh1rGnOuxgbPH9wdluS3lzmman0DEDodWOH8vXOujR8GXBptWCcMDx4ddHFblJ7oEnlHz7TGIwtBDStNaJI3hmem9YXvEt8DCCsw23ljTcQkgsMYo6YWZyGGML'),
(430, 169, '11630408260tghvhk5v6c8d5jrz1rtzsa7gall16pfyrrpavafsenpcnbofd76gncl14k0jzwxqlvfm6ubczuczsvvczicixmheelhuy6ed2ck1.png', 'large', 'png', '1200x2400', '2MB', 'KMfbBE6xxwpr7OQ7rXrPVPJaHWnV8F4M8azSzfBI21xNuVmdPr52sTJY34X70tSJR55XxgLGLe680KOk4JuEjv2wSNsZ6w3unrI8CKdUzMiwxrBrtZfqqDosrogTzzyISwYC5ySjcSocRcJ2JXBr8FX1MEgGDBwE5ZJaEY9kNVaKYvqnn0L1FRvkagVx8hSSIUul8sND'),
(431, 169, '116304082600wkgfnqhrlfrsr0lwzmxdubeafpxpksa2cqqpx0zbezdwuaij3nxzmniqwkfbicli8os5qm7nszlmj1apkyqlhxfjmojurrwknqz.png', 'medium', 'png', '500x500', '500X500', 'KMfbBE6xxwpr7OQ7rXrPVPJaHWnV8F4M8azSzfBI21xNuVmdPr52sTJY34X70tSJR55XxgLGLe680KOk4JuEjv2wSNsZ6w3unrI8CKdUzMiwxrBrtZfqqDosrogTzzyISwYC5ySjcSocRcJ2JXBr8FX1MEgGDBwE5ZJaEY9kNVaKYvqnn0L1FRvkagVx8hSSIUul8sND'),
(432, 169, '11630408260fa7zflau7aqs5sjtaebol3hkue57leowkzxkp3ihkxabcnvay8a95hzzgdmzqgvvq4ycpcfcnlsf82zsgdcgzfs52smpyqw34f82.png', 'small', 'png', '300x300', '300X300', 'KMfbBE6xxwpr7OQ7rXrPVPJaHWnV8F4M8azSzfBI21xNuVmdPr52sTJY34X70tSJR55XxgLGLe680KOk4JuEjv2wSNsZ6w3unrI8CKdUzMiwxrBrtZfqqDosrogTzzyISwYC5ySjcSocRcJ2JXBr8FX1MEgGDBwE5ZJaEY9kNVaKYvqnn0L1FRvkagVx8hSSIUul8sND'),
(433, 170, '11630408268yrnhqbgdsh8f3bcl8wgyorfapilc7fjyiulporizdnlfgyhi2ssnwoaav6kd25lhe3b5ek8sbprhk5vkb0oiuzwlsli0paox3j5f.jpeg', 'large', 'jpeg', '1200x1187', '86.8kB', 'e3aiF1GxqSkVKO90vS7ujXauuIff4NQN2ioZYmr6fq51m6CXxa795DKT48et9uMHlKES68cpEGfXPgAIpBxvq3DMWjPQviMVX6NYVor9al457I8LTPENhLFqYJqh54V5fF2ysU77x4sMjfOq7kTQLGr4NfV8vPbJDf4NokNmR1nFgRL7wwp5C2wQ224mkt0e6OaWGXcj'),
(434, 170, '11630408268eszm3o46oteg5dgjz2l25rqaxwm68zmgttgvkcek1fjzr5pryiyubhvupby3tiftcvvnyygmqhmi77zus3gvzxmnzexlw45q4jot.jpeg', 'medium', 'jpeg', '500x500', '500X500', 'e3aiF1GxqSkVKO90vS7ujXauuIff4NQN2ioZYmr6fq51m6CXxa795DKT48et9uMHlKES68cpEGfXPgAIpBxvq3DMWjPQviMVX6NYVor9al457I8LTPENhLFqYJqh54V5fF2ysU77x4sMjfOq7kTQLGr4NfV8vPbJDf4NokNmR1nFgRL7wwp5C2wQ224mkt0e6OaWGXcj'),
(435, 170, '11630408268yrchpscq1zfose4qqjvlnwx22x9fnwexambwyplvw3bdwuecqb3zh7m7zcritcf4m14dr4tjpwptb6ymaghswplaows916laiceg.jpeg', 'small', 'jpeg', '300x300', '300X300', 'e3aiF1GxqSkVKO90vS7ujXauuIff4NQN2ioZYmr6fq51m6CXxa795DKT48et9uMHlKES68cpEGfXPgAIpBxvq3DMWjPQviMVX6NYVor9al457I8LTPENhLFqYJqh54V5fF2ysU77x4sMjfOq7kTQLGr4NfV8vPbJDf4NokNmR1nFgRL7wwp5C2wQ224mkt0e6OaWGXcj'),
(436, 171, '11630408270yqnrta71ai8eyiey6uv9mkcjsu8l9si03tu3icfbtwq8swsksj45zqt01b128zqybaxc75v29cribim5xolyz3b8h3w7lxigqceo.jpeg', 'large', 'jpeg', '1200x1183', '90.6kB', 'qBuqII7DDT4umEQcHJ7qZl1DzViwjdFF5XEaJkxlJlZq17n4OU3fFa9ZaAKFfG1MPfXlQocMyiNrtQ9kQFI2vGdhIeC6apVCBlaudYRF8KWQ3eJR07oeHfwh5Sz277oVI7G1lFCQmyQgoUwaG7X1E47forNzsYytBKIOByCegunN1EMNyBuxz00LJUW3QhcJbugACXqS'),
(437, 171, '11630408270yqavcafslcykpnf07g94b2m56mtyhlrnkrf7015auwucu5cmavlg0irs2l4nsvwmssv0lbcxqsohjv7qskcboauwzis1csiicn7s.jpeg', 'medium', 'jpeg', '500x500', '500X500', 'qBuqII7DDT4umEQcHJ7qZl1DzViwjdFF5XEaJkxlJlZq17n4OU3fFa9ZaAKFfG1MPfXlQocMyiNrtQ9kQFI2vGdhIeC6apVCBlaudYRF8KWQ3eJR07oeHfwh5Sz277oVI7G1lFCQmyQgoUwaG7X1E47forNzsYytBKIOByCegunN1EMNyBuxz00LJUW3QhcJbugACXqS'),
(438, 171, '11630408270h4kmnpvmtzudthmsampxkepxtbprwfzy8nyiwpxquzoftpnsujvtv5oqqadao44dtvsv2gnbdxu1zpskmigvpg7jhyh92kllr27k.jpeg', 'small', 'jpeg', '300x300', '300X300', 'qBuqII7DDT4umEQcHJ7qZl1DzViwjdFF5XEaJkxlJlZq17n4OU3fFa9ZaAKFfG1MPfXlQocMyiNrtQ9kQFI2vGdhIeC6apVCBlaudYRF8KWQ3eJR07oeHfwh5Sz277oVI7G1lFCQmyQgoUwaG7X1E47forNzsYytBKIOByCegunN1EMNyBuxz00LJUW3QhcJbugACXqS'),
(439, 172, '11630408273lxzvkrvcxk0so6nzkhmnjqqadar8lgkwt3pnvdfypaslabhuo5c78hljf5xnhpl4ocf0myer7xolc5w8dzvomf41r5my2ftxejlf.jpeg', 'large', 'jpeg', '1200x1153', '75.3kB', 'p0WWICSvmSbesZh1Cx6GcJ97LV568JzV7NRPZqfG0152kpPT6J4HyHDM9dSRpmfoEswQNTguHilDukCXZb9q8r2OcFqDzpdNQ6BATa4TD2xzi6h5xhXltLn6bPXECsqTBBYxYr4j11O82Aj0t6xYPF0dNDCK8JTor5CTjISKJ5HjH0I6fVd7GML0bbMjd5P7rrMLluZU'),
(440, 172, '11630408273b4cwjwgdanmwfwhxjdaet0ohfdcuvxvcpwky6syiqu2zwavqvsvps28m8fvdblp6eo7i8dnuprclqm88kiapttp8saejznfw0dii.jpeg', 'medium', 'jpeg', '500x500', '500X500', 'p0WWICSvmSbesZh1Cx6GcJ97LV568JzV7NRPZqfG0152kpPT6J4HyHDM9dSRpmfoEswQNTguHilDukCXZb9q8r2OcFqDzpdNQ6BATa4TD2xzi6h5xhXltLn6bPXECsqTBBYxYr4j11O82Aj0t6xYPF0dNDCK8JTor5CTjISKJ5HjH0I6fVd7GML0bbMjd5P7rrMLluZU'),
(441, 172, '11630408273nwuzthlpqn9sshldinorv5l4czu9tiassxvha4oabzudfh7sx4xskjz1ctd5b0tm8ysr2gd6crp0axgji89blvhbxe9mfbdp8vse.jpeg', 'small', 'jpeg', '300x300', '300X300', 'p0WWICSvmSbesZh1Cx6GcJ97LV568JzV7NRPZqfG0152kpPT6J4HyHDM9dSRpmfoEswQNTguHilDukCXZb9q8r2OcFqDzpdNQ6BATa4TD2xzi6h5xhXltLn6bPXECsqTBBYxYr4j11O82Aj0t6xYPF0dNDCK8JTor5CTjISKJ5HjH0I6fVd7GML0bbMjd5P7rrMLluZU'),
(442, 173, '116304082750i1l8sbaq4yv3wkpuw6lqxxb9tcsmv8anvbmazwhkpayw0aorfnshbhq2ztpozk99zn901xjvul9kxet4obxi9zu3mitudj0tywt.jpeg', 'large', 'jpeg', '1200x1192', '99.4kB', 'N2ZGB4NhQaW6u40cCvHiXM1UkNeT9OmlkASnY9MrjLe00Yn8jsgWeL1qs6FFN8R9a78orjQKBdbonRTqJdEzVgHEaqZKr2E2lKM3rAbTrHaSvnWi4C3c3VhOiLTsbsp8YIT5sBbRvS9E06wi2o0h43bjMBHm3LkuNHXVLCzIVUgDw2hT2xZkwlRp6n8bMBVMSfBdTf3o'),
(443, 173, '11630408275ggflhjykfg5rvshkpljkkxq0z84ga6bpcrxxt2c1xdptnszy0h36yonj71iea99ny2g34mhdqztfvnmug9hsguncigq8ebpca71u.jpeg', 'medium', 'jpeg', '500x500', '500X500', 'N2ZGB4NhQaW6u40cCvHiXM1UkNeT9OmlkASnY9MrjLe00Yn8jsgWeL1qs6FFN8R9a78orjQKBdbonRTqJdEzVgHEaqZKr2E2lKM3rAbTrHaSvnWi4C3c3VhOiLTsbsp8YIT5sBbRvS9E06wi2o0h43bjMBHm3LkuNHXVLCzIVUgDw2hT2xZkwlRp6n8bMBVMSfBdTf3o'),
(444, 173, '11630408275gfjfvrkqevlz3ll3hheuvqmlragvolr6nsgcwg6mkzrwusfgsbkh7qhmueelgie9kxewgdp5izkzh2abpx6wlzscqhxkyo1lolpo.jpeg', 'small', 'jpeg', '300x300', '300X300', 'N2ZGB4NhQaW6u40cCvHiXM1UkNeT9OmlkASnY9MrjLe00Yn8jsgWeL1qs6FFN8R9a78orjQKBdbonRTqJdEzVgHEaqZKr2E2lKM3rAbTrHaSvnWi4C3c3VhOiLTsbsp8YIT5sBbRvS9E06wi2o0h43bjMBHm3LkuNHXVLCzIVUgDw2hT2xZkwlRp6n8bMBVMSfBdTf3o'),
(445, 174, '11630408278kv7viaac5ygpbap7dt0lqapj7lwnmapvmxrnzjxckqiudzzsww31gmptijrycp1w5lh5sa33ghzbergu4lyh6s4x0f99uuyxf495.jpeg', 'large', 'jpeg', '1200x1165', '90.2kB', 'C1ZqCqTMOIiSgPMUqX5iJ4pWIbWCLyY5guyyBE8cen8r2K1Kt0oaMaQ62YkvZTkoN2ENF9GndAMGSO9NzLkMrl63D5rh2ykaSEQFz93Pe7lSVo2pOk5mahEs7Ee4fEg0TXFSX6lSUfVYYhoVnsFg2JKgg6GDboDd7bRX4dEfxuVr0a3Op9SmS6faaJobj7OLHNfiwSuF'),
(446, 174, '11630408278zrjoygnzzzkl8wgxseqlzymbne744t6ozwe0affehsitcaha48kpqt3oqumiwx7ovtxlvdub4dkjpwhqyaqpsynhwhcxpmod6y55.jpeg', 'medium', 'jpeg', '500x500', '500X500', 'C1ZqCqTMOIiSgPMUqX5iJ4pWIbWCLyY5guyyBE8cen8r2K1Kt0oaMaQ62YkvZTkoN2ENF9GndAMGSO9NzLkMrl63D5rh2ykaSEQFz93Pe7lSVo2pOk5mahEs7Ee4fEg0TXFSX6lSUfVYYhoVnsFg2JKgg6GDboDd7bRX4dEfxuVr0a3Op9SmS6faaJobj7OLHNfiwSuF'),
(447, 174, '11630408278wxzgmwmceen3ptru2nrpgoeqepauibuwvzdi45cbczvbs5smd9lhcixff9j5yufk3avauqgchaarxxm3whfrnze1vhh2baozkn7g.jpeg', 'small', 'jpeg', '300x300', '300X300', 'C1ZqCqTMOIiSgPMUqX5iJ4pWIbWCLyY5guyyBE8cen8r2K1Kt0oaMaQ62YkvZTkoN2ENF9GndAMGSO9NzLkMrl63D5rh2ykaSEQFz93Pe7lSVo2pOk5mahEs7Ee4fEg0TXFSX6lSUfVYYhoVnsFg2JKgg6GDboDd7bRX4dEfxuVr0a3Op9SmS6faaJobj7OLHNfiwSuF'),
(448, 175, '11630409340vnp0tjazrtrvvajgieh3o2sjccwtsviokicemk5hcuzhajducxnrohtsbwlrahrrc87wsoyrguq0xt1a3bkq2harwenjrjzgejlx.jpg', 'large', 'jpg', '1200x800', '79.5kB', 'Z3tNSXBl5cwkRz7ojsJTOzOk61ge3OJ4hL9VMyx2eOqvOFbHiymKzc7r0FcdUsaZESc3lTGaH8GLJFnH2vyNlxonXYyquQrjlzTkxidFHklY0co1WteJ6Km7TgbEklkuQmkMrk9JuvKQMUKtDkDofjg7uFxKLzX9n0I6Cst0cVudGskEiG8Z0CHmiGEshJLn3KSvAcBa'),
(449, 175, '11630409340qd0urfjm8d5lcsym8qf8zdquobfveebyexteyeokseohubotdoeroh7hb4geg0804ejtfqubkymduoe42edrynshsseccjink5l4.jpg', 'medium', 'jpg', '500x500', '500X500', 'Z3tNSXBl5cwkRz7ojsJTOzOk61ge3OJ4hL9VMyx2eOqvOFbHiymKzc7r0FcdUsaZESc3lTGaH8GLJFnH2vyNlxonXYyquQrjlzTkxidFHklY0co1WteJ6Km7TgbEklkuQmkMrk9JuvKQMUKtDkDofjg7uFxKLzX9n0I6Cst0cVudGskEiG8Z0CHmiGEshJLn3KSvAcBa'),
(450, 175, '11630409340rqaqva1komkao7orhglhzln9cgjmlibprocvsznthe1o0kc2a0g9kwnuvgcfhq8dxeqb2m4go6czpyb4nbv8tzzkbzbqqhmtdbbk.jpg', 'small', 'jpg', '300x300', '300X300', 'Z3tNSXBl5cwkRz7ojsJTOzOk61ge3OJ4hL9VMyx2eOqvOFbHiymKzc7r0FcdUsaZESc3lTGaH8GLJFnH2vyNlxonXYyquQrjlzTkxidFHklY0co1WteJ6Km7TgbEklkuQmkMrk9JuvKQMUKtDkDofjg7uFxKLzX9n0I6Cst0cVudGskEiG8Z0CHmiGEshJLn3KSvAcBa'),
(451, 176, '11630409342k0muvqvuqk677irmxci8lnul0xrljapshilzmvwemyy7usbp6vyo6rcjj7jv08ycybhic80zwtpz5smsqafmnwmriynz3f12qpng.jpg', 'large', 'jpg', '1200x800', '61.9kB', 'GWufmPxV1nXlRY0yzH5SDgTFHNYwFhZmX9ORotxmieWxTrAqlKRYTDRbb4dP7LNzBAaSbZiUJDWd2tCGynfqJTQNZy9XOWQ58TvAWMSyp16Q0jQgrNGSvyTRcoqCTWH9cCawC9PLweazflNBKAm6e9U3QGQPlfjM3PaUDQGiurCM4uRmyTmHbSc6AqkTp4P0qliOG0hm'),
(452, 176, '11630409342b7ng2gougnyxargtglikme1is9hsdsbbjokhs6nqyurykzwvs5imokgjjzaaflzlctwryfummgzotczqd2hfohrq5i7ibxmsrkgu.jpg', 'medium', 'jpg', '500x500', '500X500', 'GWufmPxV1nXlRY0yzH5SDgTFHNYwFhZmX9ORotxmieWxTrAqlKRYTDRbb4dP7LNzBAaSbZiUJDWd2tCGynfqJTQNZy9XOWQ58TvAWMSyp16Q0jQgrNGSvyTRcoqCTWH9cCawC9PLweazflNBKAm6e9U3QGQPlfjM3PaUDQGiurCM4uRmyTmHbSc6AqkTp4P0qliOG0hm');
INSERT INTO `stock` (`id`, `images_id`, `name`, `type`, `extension`, `resolution`, `size`, `token`) VALUES
(453, 176, '11630409342bqzz29lzewdr5mcoqocj2qa9up70zyxlgqzyxwixr1xityt3dxwzhrmd1jzw4oay9rlcgj8fsxmfez7aabgd81uqvgl52venfu36.jpg', 'small', 'jpg', '300x300', '300X300', 'GWufmPxV1nXlRY0yzH5SDgTFHNYwFhZmX9ORotxmieWxTrAqlKRYTDRbb4dP7LNzBAaSbZiUJDWd2tCGynfqJTQNZy9XOWQ58TvAWMSyp16Q0jQgrNGSvyTRcoqCTWH9cCawC9PLweazflNBKAm6e9U3QGQPlfjM3PaUDQGiurCM4uRmyTmHbSc6AqkTp4P0qliOG0hm'),
(454, 177, '11630409345yjuxut5fhif8umbg4trkezcbrnyzwywgmsmrtsev6gjcfh33ay8ngbnhsdeceqiadaxr14fslplcz0ifjiqubbqweesuhdvyw4ql.jpg', 'large', 'jpg', '1200x1800', '123.7kB', 'Dt4F9hboaXFJlyMoR5cQGAXx98V4y9OOVQfGpTu3xhlAXozwoaRQggcAyhyuI4QHhI53i1VeceY35qkYGZ2qS57Q5GyaqD1SozKACGB7rinbXLud7DJtWbWsFR9C9Muhnxy3ilJWogjuUc5bnLenb9TGYiYQZ9thJdMHMmQDETJftmvecx72rpIkkRKHuc8EOCY5wm1W'),
(455, 177, '11630409345jghgoa8bhbear2wln07vovnaijcbrd1qjbuzol1tr6bhflxng3zuwzpmymx7rwej4geetw1b7hc2mypit4suodvm97rvaceusqng.jpg', 'medium', 'jpg', '500x500', '500X500', 'Dt4F9hboaXFJlyMoR5cQGAXx98V4y9OOVQfGpTu3xhlAXozwoaRQggcAyhyuI4QHhI53i1VeceY35qkYGZ2qS57Q5GyaqD1SozKACGB7rinbXLud7DJtWbWsFR9C9Muhnxy3ilJWogjuUc5bnLenb9TGYiYQZ9thJdMHMmQDETJftmvecx72rpIkkRKHuc8EOCY5wm1W'),
(456, 177, '11630409345bqjwv4lkqy3nsqm1b4t2psxk31imekzru9pcd8nl2utw6stcvdz5gf3yzzx7bmyml8io3lxddpb6yi96ukujuzxdnurnthxjvrbl.jpg', 'small', 'jpg', '300x300', '300X300', 'Dt4F9hboaXFJlyMoR5cQGAXx98V4y9OOVQfGpTu3xhlAXozwoaRQggcAyhyuI4QHhI53i1VeceY35qkYGZ2qS57Q5GyaqD1SozKACGB7rinbXLud7DJtWbWsFR9C9Muhnxy3ilJWogjuUc5bnLenb9TGYiYQZ9thJdMHMmQDETJftmvecx72rpIkkRKHuc8EOCY5wm1W'),
(457, 178, '11630409348tkx9vpacoqrbogy5rizxeo2t9g26w6ag3qifsnaleopknr4knwi2pzvh0uubed3hekdft7uheyeidxzyazz7hlxthrb7vqb4tjtp.jpg', 'large', 'jpg', '1200x1800', '109kB', '5eR0QvDxUwx7rpDt7sNODUoq2STFVHzlyUwFYyXoaN8ZMsJUbLrbnIOGmriL37TRtffA8T04VfxxaBdUxUuufh70pmQTd3t7BR7FSowOIALax8549ozCI6ypKPtrol4d3wHRWWxnqhaRDwKsTuhYovU1KI3OgQqXIpidj7xeI3aZvDVq0DXT9nNI83Ha4HtZMAwVoYEi'),
(458, 178, '116304093486ynvsxgm94kfus5ql5vlaosfenju4xl4cec1tv22pkwrp4ly6yngycpv4zqr2qocuvgjxzrnvxhhsyuxslitlnbqlwlhienbk0k5.jpg', 'medium', 'jpg', '500x500', '500X500', '5eR0QvDxUwx7rpDt7sNODUoq2STFVHzlyUwFYyXoaN8ZMsJUbLrbnIOGmriL37TRtffA8T04VfxxaBdUxUuufh70pmQTd3t7BR7FSowOIALax8549ozCI6ypKPtrol4d3wHRWWxnqhaRDwKsTuhYovU1KI3OgQqXIpidj7xeI3aZvDVq0DXT9nNI83Ha4HtZMAwVoYEi'),
(459, 178, '116304093487grto8rahp5vbwwqe0tnkyjf9uxvhaxwuxwrnwteubxkwzige70ynevvwm3oqq8npugndx05cywshxt0g4ydg9ipgvnygopz6mfj.jpg', 'small', 'jpg', '300x300', '300X300', '5eR0QvDxUwx7rpDt7sNODUoq2STFVHzlyUwFYyXoaN8ZMsJUbLrbnIOGmriL37TRtffA8T04VfxxaBdUxUuufh70pmQTd3t7BR7FSowOIALax8549ozCI6ypKPtrol4d3wHRWWxnqhaRDwKsTuhYovU1KI3OgQqXIpidj7xeI3aZvDVq0DXT9nNI83Ha4HtZMAwVoYEi'),
(460, 179, '11630565302sbvye1xa7weeldlv7bi2qyhtc5eqgjaf7ouqbmy4hh8tjwqvvmrbxviijllkxbruw2xltlfdq7wzfii6rvoggvicakcklx0mi21u.jpg', 'large', 'jpg', '2305x1100', '430.6kB', 'j9AavYLjge28souSG1v7ignWfBxVHfskKrPl3C4pe94eKF2bEEVZLfudn00zB8ZFQv6yEsjo9XKvYsrIA6Y2RVeI6Onmhg4ux6YGDefErlOLJi278zZTtsIaFtxNDr4ypIzICGsETmAqv6xPjCWRjC9YMRpdHjL5UVPZDCcSn3qWlpz0ReA2I9Wn8k5H6lScBeRPCxwA'),
(461, 179, '11630565302i4ekt7kgdnxd9wldlnfhs1c4lajmipobgxrn08q7cdhc7aslpkmp5hjqfugnyazla2uabxxlygl6ublldcmss1ltw1cdbaxu5qy5.jpg', 'medium', 'jpg', '500x500', '500X500', 'j9AavYLjge28souSG1v7ignWfBxVHfskKrPl3C4pe94eKF2bEEVZLfudn00zB8ZFQv6yEsjo9XKvYsrIA6Y2RVeI6Onmhg4ux6YGDefErlOLJi278zZTtsIaFtxNDr4ypIzICGsETmAqv6xPjCWRjC9YMRpdHjL5UVPZDCcSn3qWlpz0ReA2I9Wn8k5H6lScBeRPCxwA'),
(462, 179, '116305653026xqwsvgz9jbj2e9rpwbbqiwzyufm7ablhb5mtywyb8wgqfwbxgb3us341tcquppjgvov63xvk3h8ldhvo7tjvws1upj17n41fuhe.jpg', 'small', 'jpg', '300x300', '300X300', 'j9AavYLjge28souSG1v7ignWfBxVHfskKrPl3C4pe94eKF2bEEVZLfudn00zB8ZFQv6yEsjo9XKvYsrIA6Y2RVeI6Onmhg4ux6YGDefErlOLJi278zZTtsIaFtxNDr4ypIzICGsETmAqv6xPjCWRjC9YMRpdHjL5UVPZDCcSn3qWlpz0ReA2I9Wn8k5H6lScBeRPCxwA'),
(463, 180, '11630565306i24dp5nmufjlifofmvmyuexwujjxavucvaqcpdzkzzxm8r7pbjnoq4t7sazqlwqwuokbrn49hyt8ordxmbygrdwg9zopj6b3rkj8.jpg', 'large', 'jpg', '1920x1080', '1.4MB', 'KouLjMGNgJYzBOiUh4YU6I78vII9QouepLRhjeHDkux51pxKUNcQPHKiixt9ZEqcIIf62OOfYtaWgiza8NCrqLuLYJlU9ofLw7eT4x0JP8am6q8Ej8zgnclTSARO8wpr5h2o8bfFx4lclwu6RyARVJfEPcYqWXuixc2mu0bcdveqZhcfcon2Zgo5sP5dMtRIx416UbtV'),
(464, 180, '11630565306nla4hbxx3phqcnrppfeocsd9lfcnc2ynlst5hrbv5hzhlrrj98dzepvgarcqfmmognrdpsrreou7xnwsxhgircy0fm4t5msq8ekf.jpg', 'medium', 'jpg', '500x500', '500X500', 'KouLjMGNgJYzBOiUh4YU6I78vII9QouepLRhjeHDkux51pxKUNcQPHKiixt9ZEqcIIf62OOfYtaWgiza8NCrqLuLYJlU9ofLw7eT4x0JP8am6q8Ej8zgnclTSARO8wpr5h2o8bfFx4lclwu6RyARVJfEPcYqWXuixc2mu0bcdveqZhcfcon2Zgo5sP5dMtRIx416UbtV'),
(465, 180, '11630565306opmntsx9kvqcehh2vdbacca3dq27zr5caw8sek6gt2m6nqlp7brb0onchxnji93boev58wynqvxeb54gtvuzmbkukn8w6gfhftho.jpg', 'small', 'jpg', '300x300', '300X300', 'KouLjMGNgJYzBOiUh4YU6I78vII9QouepLRhjeHDkux51pxKUNcQPHKiixt9ZEqcIIf62OOfYtaWgiza8NCrqLuLYJlU9ofLw7eT4x0JP8am6q8Ej8zgnclTSARO8wpr5h2o8bfFx4lclwu6RyARVJfEPcYqWXuixc2mu0bcdveqZhcfcon2Zgo5sP5dMtRIx416UbtV'),
(466, 181, '11630565351iaorog5h39mcy4kx0wotb8znoam2xbmgpgin96lbimq1uquegude8jsdfikrdzztyrxiydzumqszj0muotif1vi1xktvwmbjuiar.jpg', 'large', 'jpg', '1600x1236', '379.6kB', '1lMzzygwJB53lWurAu9LPG6WGKYHnQoMUm6zwX6i6yUa50DCvXJwJpq9H4h1XgkC0vpUvo2qf682RA1guXRQIVv9u6RNowlRL0VvRXBH5sVLRFZsYmo1GEFwevgjd9qU4DoiRDFxDJ8oxoJtpAlYGtV2uXtu6Sptca2fA1igvhSIrlloKWuKG44hpriONzb5FtQUtv97'),
(467, 181, '11630565351b2mob7nr4uxb2wwgwafkijnout2tml6nmsya4rslthqyf2lun1i7chpeok0odpjefl353pjvd6mvixyh3qgnt0boibagb61j1kuy.jpg', 'medium', 'jpg', '500x500', '500X500', '1lMzzygwJB53lWurAu9LPG6WGKYHnQoMUm6zwX6i6yUa50DCvXJwJpq9H4h1XgkC0vpUvo2qf682RA1guXRQIVv9u6RNowlRL0VvRXBH5sVLRFZsYmo1GEFwevgjd9qU4DoiRDFxDJ8oxoJtpAlYGtV2uXtu6Sptca2fA1igvhSIrlloKWuKG44hpriONzb5FtQUtv97'),
(468, 181, '11630565351pasw4u10uju5s64dgpemn6stmfe0c6rcmrkkzizfsiu7fkrhrqbcsng7idn4azg7a4jhqijdvorgga3k0qull97cm1getpia2arh.jpg', 'small', 'jpg', '300x300', '300X300', '1lMzzygwJB53lWurAu9LPG6WGKYHnQoMUm6zwX6i6yUa50DCvXJwJpq9H4h1XgkC0vpUvo2qf682RA1guXRQIVv9u6RNowlRL0VvRXBH5sVLRFZsYmo1GEFwevgjd9qU4DoiRDFxDJ8oxoJtpAlYGtV2uXtu6Sptca2fA1igvhSIrlloKWuKG44hpriONzb5FtQUtv97'),
(469, 182, '11630565506d198ah6lx65sa03xnhbmvlifvns2rphikrf5mgm1nohefdpladz0wfrm6lfqaicfmgzdzxpd3ywchvbbxgbjscj70ocswdfrz4n8.jpg', 'large', 'jpg', '1600x1236', '379.6kB', 'qjkweo0ziyclzhqaae6I8Ti25rXLlKuXEOJYVph5DXaISG1iNfwazWskyyxu1uD4xVcpdQ9GmoES050YIJphnjHQrta0cynbHge87rQjBPTdljv2AEydXcSVOXEBSvh9LvvMI36lQiKq9VFotCObTi8aK8W6QDliPPRJI5EpM2GDdP65GhvX9lsOd2o2mc9PR4N0bih9'),
(470, 182, '116305655068tqecnhcnrylqdllourgkcttrktdpx5in4d0i6xnk1gin95pr3k5jwotnsfyaqjom6jvavvd9zdlop5pzwztphskm71swqn6xlvs.jpg', 'medium', 'jpg', '500x500', '500X500', 'qjkweo0ziyclzhqaae6I8Ti25rXLlKuXEOJYVph5DXaISG1iNfwazWskyyxu1uD4xVcpdQ9GmoES050YIJphnjHQrta0cynbHge87rQjBPTdljv2AEydXcSVOXEBSvh9LvvMI36lQiKq9VFotCObTi8aK8W6QDliPPRJI5EpM2GDdP65GhvX9lsOd2o2mc9PR4N0bih9'),
(471, 182, '11630565506kydtvi5jysgjfmspqxnbysqpmlru7henexuki0tnvg8ptphjyi60g1vo7harewk3j5xkvmhjjoiqxreau36rdfqs1cy55e4sfztn.jpg', 'small', 'jpg', '300x300', '300X300', 'qjkweo0ziyclzhqaae6I8Ti25rXLlKuXEOJYVph5DXaISG1iNfwazWskyyxu1uD4xVcpdQ9GmoES050YIJphnjHQrta0cynbHge87rQjBPTdljv2AEydXcSVOXEBSvh9LvvMI36lQiKq9VFotCObTi8aK8W6QDliPPRJI5EpM2GDdP65GhvX9lsOd2o2mc9PR4N0bih9');

-- --------------------------------------------------------

--
-- Table structure for table `users`
--

CREATE TABLE `users` (
  `id` int UNSIGNED NOT NULL,
  `username` varchar(30) NOT NULL,
  `name` varchar(50) NOT NULL,
  `bio` varchar(200) NOT NULL,
  `countries_id` char(25) NOT NULL,
  `password` char(60) NOT NULL,
  `email` varchar(255) NOT NULL,
  `date` timestamp NOT NULL DEFAULT CURRENT_TIMESTAMP,
  `avatar` varchar(70) NOT NULL,
  `cover` varchar(255) NOT NULL,
  `status` enum('pending','active','suspended','delete') NOT NULL DEFAULT 'pending',
  `type_account` enum('1','2') NOT NULL DEFAULT '1' COMMENT '1 Buyer, 2 Seller',
  `role` enum('normal','admin') NOT NULL DEFAULT 'normal',
  `website` varchar(255) NOT NULL,
  `remember_token` varchar(100) NOT NULL,
  `twitter` varchar(200) NOT NULL,
  `facebook` varchar(200) NOT NULL,
  `google` varchar(200) NOT NULL,
  `paypal_account` varchar(200) NOT NULL,
  `activation_code` varchar(150) NOT NULL,
  `oauth_uid` varchar(200) DEFAULT NULL,
  `oauth_provider` varchar(200) DEFAULT NULL,
  `token` varchar(80) NOT NULL,
  `authorized_to_upload` enum('yes','no') NOT NULL DEFAULT 'yes',
  `instagram` varchar(200) NOT NULL,
  `funds` int UNSIGNED NOT NULL,
  `balance` decimal(10,2) NOT NULL,
  `payment_gateway` varchar(50) NOT NULL,
  `bank` text NOT NULL,
  `ip` varchar(30) NOT NULL,
  `author_exclusive` enum('yes','no') NOT NULL DEFAULT 'yes'
) ENGINE=InnoDB DEFAULT CHARSET=utf8mb3;

--
-- Dumping data for table `users`
--

INSERT INTO `users` (`id`, `username`, `name`, `bio`, `countries_id`, `password`, `email`, `date`, `avatar`, `cover`, `status`, `type_account`, `role`, `website`, `remember_token`, `twitter`, `facebook`, `google`, `paypal_account`, `activation_code`, `oauth_uid`, `oauth_provider`, `token`, `authorized_to_upload`, `instagram`, `funds`, `balance`, `payment_gateway`, `bank`, `ip`, `author_exclusive`) VALUES
(1, 'Admin', 'Admin', 'Lorem ipsum dolor sit amet, consectetur adipiscing elit. Integer ut tortor rutrum massa efficitur tincidunt vel nec lacus.', '1', '$2y$10$wjbCfnJZ07JcBEb4aGD58.Urd0yAFfHsAyofPE3w9W61y05MgZBJa', 'admin@example.com', '2020-05-09 23:16:43', 'default.jpg', 'cover.jpg', 'active', '1', 'admin', 'http://gostock.com', 'SLBSUImhTBuTedXwm7DHqnNlQqHkxfvr3jtAPoIBtSOMhcoP1I67pOjWLyvS', 'https://www.twitter.com/', 'https://www.facebook.com/', 'https://plus.google.com/+admin', 'miguelvasquezweb@gmail.com', '', NULL, NULL, '', 'yes', '', 0, '0.00', '', '', '', 'yes');

-- --------------------------------------------------------

--
-- Table structure for table `users_reporteds`
--

CREATE TABLE `users_reporteds` (
  `id` int UNSIGNED NOT NULL,
  `reason` enum('copyright','privacy_issue','violent_sexual_content','spoofing') NOT NULL,
  `user_id` int UNSIGNED NOT NULL,
  `id_reported` int UNSIGNED NOT NULL,
  `created_at` timestamp NOT NULL DEFAULT CURRENT_TIMESTAMP
) ENGINE=InnoDB DEFAULT CHARSET=utf8mb3;

-- --------------------------------------------------------

--
-- Table structure for table `visits`
--

CREATE TABLE `visits` (
  `id` bigint UNSIGNED NOT NULL,
  `images_id` int UNSIGNED NOT NULL,
  `user_id` int UNSIGNED NOT NULL,
  `ip` varchar(25) NOT NULL,
  `date` timestamp NOT NULL DEFAULT CURRENT_TIMESTAMP
) ENGINE=InnoDB DEFAULT CHARSET=utf8mb3;

-- --------------------------------------------------------

--
-- Table structure for table `withdrawals`
--

CREATE TABLE `withdrawals` (
  `id` int UNSIGNED NOT NULL,
  `user_id` int UNSIGNED NOT NULL,
  `status` enum('pending','paid') CHARACTER SET utf8mb4 COLLATE utf8mb4_unicode_ci NOT NULL DEFAULT 'pending',
  `amount` varchar(50) CHARACTER SET utf8mb4 COLLATE utf8mb4_unicode_ci NOT NULL,
  `date` timestamp NOT NULL DEFAULT CURRENT_TIMESTAMP ON UPDATE CURRENT_TIMESTAMP,
  `gateway` varchar(100) CHARACTER SET utf8mb4 COLLATE utf8mb4_unicode_ci NOT NULL,
  `account` text CHARACTER SET utf8mb4 COLLATE utf8mb4_unicode_ci NOT NULL,
  `date_paid` timestamp NOT NULL DEFAULT '0000-00-00 00:00:00'
) ENGINE=InnoDB DEFAULT CHARSET=utf8mb4 COLLATE=utf8mb4_unicode_ci;

--
-- Indexes for dumped tables
--

--
-- Indexes for table `admin_settings`
--
ALTER TABLE `admin_settings`
  ADD PRIMARY KEY (`id`);

--
-- Indexes for table `ads`
--
ALTER TABLE `ads`
  ADD PRIMARY KEY (`id`);

--
-- Indexes for table `categories`
--
ALTER TABLE `categories`
  ADD PRIMARY KEY (`id`),
  ADD KEY `slug` (`slug`);

--
-- Indexes for table `collections`
--
ALTER TABLE `collections`
  ADD PRIMARY KEY (`id`),
  ADD KEY `user_id` (`user_id`);

--
-- Indexes for table `collections_images`
--
ALTER TABLE `collections_images`
  ADD PRIMARY KEY (`id`),
  ADD KEY `list_id` (`collections_id`,`images_id`);

--
-- Indexes for table `comments`
--
ALTER TABLE `comments`
  ADD PRIMARY KEY (`id`),
  ADD KEY `post` (`images_id`,`user_id`,`status`);

--
-- Indexes for table `comments_likes`
--
ALTER TABLE `comments_likes`
  ADD PRIMARY KEY (`id`),
  ADD KEY `user_id` (`user_id`,`comment_id`);

--
-- Indexes for table `countries`
--
ALTER TABLE `countries`
  ADD PRIMARY KEY (`id`);

--
-- Indexes for table `deposits`
--
ALTER TABLE `deposits`
  ADD PRIMARY KEY (`id`);

--
-- Indexes for table `downloads`
--
ALTER TABLE `downloads`
  ADD PRIMARY KEY (`id`),
  ADD KEY `publicacion_id` (`images_id`),
  ADD KEY `usr_id` (`user_id`),
  ADD KEY `ip` (`ip`);

--
-- Indexes for table `followers`
--
ALTER TABLE `followers`
  ADD PRIMARY KEY (`id`),
  ADD KEY `follower` (`follower`,`following`);

--
-- Indexes for table `images`
--
ALTER TABLE `images`
  ADD PRIMARY KEY (`id`),
  ADD UNIQUE KEY `token_id` (`token_id`),
  ADD KEY `author_id` (`user_id`,`status`,`token_id`),
  ADD KEY `image` (`preview`),
  ADD KEY `category_id` (`categories_id`);
ALTER TABLE `images` ADD FULLTEXT KEY `title` (`title`,`tags`);

--
-- Indexes for table `images_reporteds`
--
ALTER TABLE `images_reporteds`
  ADD PRIMARY KEY (`id`),
  ADD KEY `user` (`user_id`,`image_id`);

--
-- Indexes for table `images_views`
--
ALTER TABLE `images_views`
  ADD PRIMARY KEY (`id`);

--
-- Indexes for table `languages`
--
ALTER TABLE `languages`
  ADD PRIMARY KEY (`id`);

--
-- Indexes for table `likes`
--
ALTER TABLE `likes`
  ADD PRIMARY KEY (`id`),
  ADD KEY `id_usr` (`user_ip`,`images_id`,`status`);

--
-- Indexes for table `notifications`
--
ALTER TABLE `notifications`
  ADD PRIMARY KEY (`id`),
  ADD KEY `destination` (`destination`,`author`,`target`,`status`),
  ADD KEY `trash` (`trash`);

--
-- Indexes for table `pages`
--
ALTER TABLE `pages`
  ADD PRIMARY KEY (`id`);

--
-- Indexes for table `password_resets`
--
ALTER TABLE `password_resets`
  ADD PRIMARY KEY (`id`),
  ADD KEY `id_hash` (`token`),
  ADD KEY `email` (`email`);

--
-- Indexes for table `payment_gateways`
--
ALTER TABLE `payment_gateways`
  ADD PRIMARY KEY (`id`);

--
-- Indexes for table `purchases`
--
ALTER TABLE `purchases`
  ADD PRIMARY KEY (`id`);

--
-- Indexes for table `replies`
--
ALTER TABLE `replies`
  ADD PRIMARY KEY (`id`),
  ADD KEY `post` (`comment_id`,`user_id`,`status`);

--
-- Indexes for table `reserved`
--
ALTER TABLE `reserved`
  ADD PRIMARY KEY (`id`),
  ADD UNIQUE KEY `name` (`name`) USING BTREE;

--
-- Indexes for table `stock`
--
ALTER TABLE `stock`
  ADD PRIMARY KEY (`id`),
  ADD KEY `id_shot` (`images_id`,`type`),
  ADD KEY `token` (`token`);

--
-- Indexes for table `users`
--
ALTER TABLE `users`
  ADD PRIMARY KEY (`id`),
  ADD UNIQUE KEY `email` (`email`),
  ADD KEY `username` (`username`,`status`),
  ADD KEY `activation_code` (`activation_code`),
  ADD KEY `role` (`role`),
  ADD KEY `users_avatar_index` (`avatar`),
  ADD KEY `users_cover_index` (`cover`);

--
-- Indexes for table `users_reporteds`
--
ALTER TABLE `users_reporteds`
  ADD PRIMARY KEY (`id`),
  ADD KEY `user` (`user_id`,`id_reported`);

--
-- Indexes for table `visits`
--
ALTER TABLE `visits`
  ADD PRIMARY KEY (`id`),
  ADD KEY `publicacion_id` (`images_id`),
  ADD KEY `usr_id` (`user_id`),
  ADD KEY `ip` (`ip`);

--
-- Indexes for table `withdrawals`
--
ALTER TABLE `withdrawals`
  ADD PRIMARY KEY (`id`);

--
-- AUTO_INCREMENT for dumped tables
--

--
-- AUTO_INCREMENT for table `admin_settings`
--
ALTER TABLE `admin_settings`
  MODIFY `id` int UNSIGNED NOT NULL AUTO_INCREMENT, AUTO_INCREMENT=2;

--
-- AUTO_INCREMENT for table `ads`
--
ALTER TABLE `ads`
  MODIFY `id` int UNSIGNED NOT NULL AUTO_INCREMENT, AUTO_INCREMENT=18;

--
-- AUTO_INCREMENT for table `categories`
--
ALTER TABLE `categories`
  MODIFY `id` int UNSIGNED NOT NULL AUTO_INCREMENT, AUTO_INCREMENT=24;

--
-- AUTO_INCREMENT for table `collections`
--
ALTER TABLE `collections`
  MODIFY `id` int UNSIGNED NOT NULL AUTO_INCREMENT;

--
-- AUTO_INCREMENT for table `collections_images`
--
ALTER TABLE `collections_images`
  MODIFY `id` int UNSIGNED NOT NULL AUTO_INCREMENT;

--
-- AUTO_INCREMENT for table `comments`
--
ALTER TABLE `comments`
  MODIFY `id` int UNSIGNED NOT NULL AUTO_INCREMENT;

--
-- AUTO_INCREMENT for table `comments_likes`
--
ALTER TABLE `comments_likes`
  MODIFY `id` int UNSIGNED NOT NULL AUTO_INCREMENT;

--
-- AUTO_INCREMENT for table `countries`
--
ALTER TABLE `countries`
  MODIFY `id` int NOT NULL AUTO_INCREMENT, AUTO_INCREMENT=243;

--
-- AUTO_INCREMENT for table `deposits`
--
ALTER TABLE `deposits`
  MODIFY `id` int UNSIGNED NOT NULL AUTO_INCREMENT;

--
-- AUTO_INCREMENT for table `downloads`
--
ALTER TABLE `downloads`
  MODIFY `id` bigint UNSIGNED NOT NULL AUTO_INCREMENT;

--
-- AUTO_INCREMENT for table `followers`
--
ALTER TABLE `followers`
  MODIFY `id` int UNSIGNED NOT NULL AUTO_INCREMENT;

--
-- AUTO_INCREMENT for table `images`
--
ALTER TABLE `images`
  MODIFY `id` int NOT NULL AUTO_INCREMENT, AUTO_INCREMENT=183;

--
-- AUTO_INCREMENT for table `images_reporteds`
--
ALTER TABLE `images_reporteds`
  MODIFY `id` int UNSIGNED NOT NULL AUTO_INCREMENT;

--
-- AUTO_INCREMENT for table `images_views`
--
ALTER TABLE `images_views`
  MODIFY `id` int UNSIGNED NOT NULL AUTO_INCREMENT, AUTO_INCREMENT=5;

--
-- AUTO_INCREMENT for table `languages`
--
ALTER TABLE `languages`
  MODIFY `id` int UNSIGNED NOT NULL AUTO_INCREMENT, AUTO_INCREMENT=3;

--
-- AUTO_INCREMENT for table `likes`
--
ALTER TABLE `likes`
  MODIFY `id` int UNSIGNED NOT NULL AUTO_INCREMENT, AUTO_INCREMENT=61;

--
-- AUTO_INCREMENT for table `notifications`
--
ALTER TABLE `notifications`
  MODIFY `id` int UNSIGNED NOT NULL AUTO_INCREMENT;

--
-- AUTO_INCREMENT for table `pages`
--
ALTER TABLE `pages`
  MODIFY `id` int UNSIGNED NOT NULL AUTO_INCREMENT, AUTO_INCREMENT=6;

--
-- AUTO_INCREMENT for table `password_resets`
--
ALTER TABLE `password_resets`
  MODIFY `id` int UNSIGNED NOT NULL AUTO_INCREMENT;

--
-- AUTO_INCREMENT for table `payment_gateways`
--
ALTER TABLE `payment_gateways`
  MODIFY `id` int UNSIGNED NOT NULL AUTO_INCREMENT, AUTO_INCREMENT=3;

--
-- AUTO_INCREMENT for table `purchases`
--
ALTER TABLE `purchases`
  MODIFY `id` int UNSIGNED NOT NULL AUTO_INCREMENT;

--
-- AUTO_INCREMENT for table `replies`
--
ALTER TABLE `replies`
  MODIFY `id` int UNSIGNED NOT NULL AUTO_INCREMENT;

--
-- AUTO_INCREMENT for table `reserved`
--
ALTER TABLE `reserved`
  MODIFY `id` int UNSIGNED NOT NULL AUTO_INCREMENT, AUTO_INCREMENT=43;

--
-- AUTO_INCREMENT for table `stock`
--
ALTER TABLE `stock`
  MODIFY `id` int UNSIGNED NOT NULL AUTO_INCREMENT, AUTO_INCREMENT=472;

--
-- AUTO_INCREMENT for table `users`
--
ALTER TABLE `users`
  MODIFY `id` int UNSIGNED NOT NULL AUTO_INCREMENT, AUTO_INCREMENT=2;

--
-- AUTO_INCREMENT for table `users_reporteds`
--
ALTER TABLE `users_reporteds`
  MODIFY `id` int UNSIGNED NOT NULL AUTO_INCREMENT;

--
-- AUTO_INCREMENT for table `visits`
--
ALTER TABLE `visits`
  MODIFY `id` bigint UNSIGNED NOT NULL AUTO_INCREMENT, AUTO_INCREMENT=3;

--
-- AUTO_INCREMENT for table `withdrawals`
--
ALTER TABLE `withdrawals`
  MODIFY `id` int UNSIGNED NOT NULL AUTO_INCREMENT;
COMMIT;

/*!40101 SET CHARACTER_SET_CLIENT=@OLD_CHARACTER_SET_CLIENT */;
/*!40101 SET CHARACTER_SET_RESULTS=@OLD_CHARACTER_SET_RESULTS */;
/*!40101 SET COLLATION_CONNECTION=@OLD_COLLATION_CONNECTION */;
